[{"model": "auth.group", "pk": 1, "fields": {"name": "Administrador", "permissions": [39, 34, 48, 49, 33, 42, 37, 47, 40, 45, 41, 44, 38, 35, 43, 36, 46, 50]}}, {"model": "auth.group", "pk": 2, "fields": {"name": "Usuario", "permissions": [35, 43, 50]}}, {"model": "auth.user", "pk": 1, "fields": {"password": "!BOmJLbb2P0uzAvzhcbDCq20zTx4YPdngdExolaiq", "last_login": "2020-10-09T12:25:25.575Z", "is_superuser": false, "username": "marcelo_nicolas", "first_name": "Marcelo Nicolas", "last_name": "Perez Britez", "email": "marce-1999@fpuna.edu.py", "is_staff": false, "is_active": true, "date_joined": "2020-10-05T13:23:27.710Z", "groups": [1], "user_permissions": []}}, {"model": "auth.user", "pk": 2, "fields": {"password": "!Hj0v85c4ImXstv0GBEilvXHTV80ttocwa7hmv5XI", "last_login": "2020-10-09T12:28:32.683Z", "is_superuser": false, "username": "hugo_javier", "first_name": "Hugo Javier", "last_name": "Fleitas Bustamante", "email": "hugofleitasbus@fpuna.edu.py", "is_staff": false, "is_active": true, "date_joined": "2020-10-05T13:27:23.974Z", "groups": [2], "user_permissions": []}}, {"model": "auth.user", "pk": 3, "fields": {"password": "!ROmE3yyC5Q0h76UTxV8zlC6PxtjtPgBhfO0ji9pB", "last_login": "2020-10-09T12:29:23.203Z", "is_superuser": false, "username": "hugo", "first_name": "Hugo", "last_name": "Fleitas", "email": "hugofleitasbus@gmail.com", "is_staff": false, "is_active": true, "date_joined": "2020-10-05T13:27:35.780Z", "groups": [2], "user_permissions": []}}, {"model": "auth.user", "pk": 4, "fields": {"password": "!NhJRLGWuBx0xVCmEkMZQc7UGSmJmjbiSnqSm0qCH", "last_login": "2020-10-08T21:39:26.753Z", "is_superuser": false, "username": "luis", "first_name": "Luis", "last_name": "P\u00e9rez", "email": "luanpemiis2@gmail.com", "is_staff": false, "is_active": true, "date_joined": "2020-10-05T20:44:45.712Z", "groups": [2], "user_permissions": []}}, {"model": "auth.user", "pk": 5, "fields": {"password": "!COCfKjF6gBC3WTMFVF4gdRSqVggrSlW7xwcrHOZf", "last_login": "2020-10-08T21:45:25.415Z", "is_superuser": false, "username": "marcos", "first_name": "Marcos", "last_name": "Riveros", "email": "maelrirois2@gmail.com", "is_staff": false, "is_active": true, "date_joined": "2020-10-06T14:22:11.616Z", "groups": [2], "user_permissions": []}}, {"model": "auth.user", "pk": 6, "fields": {"password": "!QdjgJrx2WE205NR2Uqn0J2z0amSQDaE0eXWxk8pm", "last_login": "2020-10-09T12:26:12.663Z", "is_superuser": false, "username": "anibal", "first_name": "An\u00edbal", "last_name": "Nicolas", "email": "is2anniis2@gmail.com", "is_staff": false, "is_active": true, "date_joined": "2020-10-09T12:25:07.848Z", "groups": [1], "user_permissions": []}}, {"model": "sites.site", "pk": 1, "fields": {"domain": "localhost:8000", "name": "localhost"}}, {"model": "roles_de_sistema.roldesistema", "pk": 1, "fields": {"nombre": "Administrador", "descripcion": "Rol de Sistema de Administracion del Sistema", "permisos": [39, 34, 48, 49, 33, 42, 37, 47, 40, 45, 41, 44, 38, 35, 43, 36, 46, 50]}}, {"model": "roles_de_sistema.roldesistema", "pk": 2, "fields": {"nombre": "Usuario", "descripcion": "Usuario no administrador", "permisos": [35, 43]}}, {"model": "roles_de_proyecto.roldeproyecto", "pk": 1, "fields": {"nombre": "QA", "descripcion": "Encagargado de la calidad del producto de software.", "permisos": [80, 64, 87, 86, 81, 88, 85, 76, 83, 59]}}, {"model": "roles_de_proyecto.roldeproyecto", "pk": 2, "fields": {"nombre": "Desarrollador", "descripcion": "Programador", "permisos": [74, 65, 67, 77, 82, 66, 68, 88, 78, 75, 84, 79, 76, 59]}}, {"model": "roles_de_proyecto.permisosporfase", "pk": 1, "fields": {"fase": 1, "permisos": [80, 64, 87, 86, 81, 88, 85, 76, 83, 63]}}, {"model": "roles_de_proyecto.permisosporfase", "pk": 2, "fields": {"fase": 2, "permisos": [80, 64, 87, 86, 81, 88, 85, 76, 83, 63]}}, {"model": "roles_de_proyecto.permisosporfase", "pk": 3, "fields": {"fase": 1, "permisos": [74, 65, 67, 77, 82, 66, 68, 88, 78, 75, 84, 79, 76, 63]}}, {"model": "roles_de_proyecto.permisosporfase", "pk": 4, "fields": {"fase": 2, "permisos": [74, 65, 67, 77, 82, 66, 68, 88, 78, 75, 84, 79, 76, 63]}}, {"model": "roles_de_proyecto.permisosporfase", "pk": 5, "fields": {"fase": 1, "permisos": [80, 64, 87, 86, 81, 88, 85, 76, 83, 63]}}, {"model": "roles_de_proyecto.permisosporfase", "pk": 6, "fields": {"fase": 2, "permisos": [80, 64, 87, 86, 81, 88, 85, 76, 83, 63]}}, {"model": "roles_de_proyecto.permisosporfase", "pk": 7, "fields": {"fase": 3, "permisos": [80, 64, 87, 86, 81, 88, 85, 76, 83, 63]}}, {"model": "roles_de_proyecto.permisosporfase", "pk": 8, "fields": {"fase": 4, "permisos": [80, 64, 87, 86, 81, 88, 85, 76, 83, 63]}}, {"model": "roles_de_proyecto.permisosporfase", "pk": 9, "fields": {"fase": 3, "permisos": [74, 65, 67, 77, 82, 66, 68, 88, 78, 75, 84, 79, 76, 63]}}, {"model": "roles_de_proyecto.permisosporfase", "pk": 10, "fields": {"fase": 4, "permisos": [74, 65, 67, 77, 82, 66, 68, 88, 78, 75, 84, 79, 76, 63]}}, {"model": "roles_de_proyecto.permisosporfase", "pk": 11, "fields": {"fase": 5, "permisos": [74, 65, 67, 77, 82, 66, 68, 88, 78, 75, 84, 79, 76, 63]}}, {"model": "roles_de_proyecto.permisosporfase", "pk": 12, "fields": {"fase": 6, "permisos": [74, 65, 67, 77, 82, 66, 68, 88, 78, 75, 84, 79, 76, 63]}}, {"model": "roles_de_proyecto.permisosporfase", "pk": 13, "fields": {"fase": 7, "permisos": [74, 65, 67, 77, 82, 66, 68, 88, 78, 75, 84, 79, 76, 63]}}, {"model": "roles_de_proyecto.permisosporfase", "pk": 14, "fields": {"fase": 8, "permisos": [74, 65, 67, 77, 82, 66, 68, 88, 78, 75, 84, 79, 76, 63]}}, {"model": "roles_de_proyecto.permisosporfase", "pk": 15, "fields": {"fase": 5, "permisos": [80, 64, 87, 86, 81, 88, 85, 76, 83, 63]}}, {"model": "roles_de_proyecto.permisosporfase", "pk": 17, "fields": {"fase": 6, "permisos": [80, 64, 87, 86, 81, 88, 85, 76, 83, 63]}}, {"model": "roles_de_proyecto.permisosporfase", "pk": 19, "fields": {"fase": 7, "permisos": [80, 64, 87, 86, 81, 88, 85, 76, 83, 63]}}, {"model": "roles_de_proyecto.permisosporfase", "pk": 21, "fields": {"fase": 8, "permisos": [80, 64, 87, 86, 81, 88, 85, 76, 83, 63]}}, {"model": "roles_de_proyecto.permisosporfase", "pk": 23, "fields": {"fase": 5, "permisos": [80, 64, 87, 86, 81, 88, 85, 76, 83, 63]}}, {"model": "roles_de_proyecto.permisosporfase", "pk": 24, "fields": {"fase": 6, "permisos": [80, 64, 87, 86, 81, 88, 85, 76, 83, 63]}}, {"model": "roles_de_proyecto.permisosporfase", "pk": 25, "fields": {"fase": 7, "permisos": [80, 64, 87, 86, 81, 88, 85, 76, 83, 63]}}, {"model": "roles_de_proyecto.permisosporfase", "pk": 26, "fields": {"fase": 8, "permisos": [80, 64, 87, 86, 81, 88, 85, 76, 83, 63]}}, {"model": "roles_de_proyecto.permisosporfase", "pk": 27, "fields": {"fase": 9, "permisos": [80, 64, 87, 86, 81, 88, 85, 76, 83, 63]}}, {"model": "roles_de_proyecto.permisosporfase", "pk": 28, "fields": {"fase": 10, "permisos": [80, 64, 87, 86, 81, 88, 85, 76, 83, 63]}}, {"model": "roles_de_proyecto.permisosporfase", "pk": 29, "fields": {"fase": 11, "permisos": [80, 64, 87, 86, 81, 88, 85, 76, 83, 63]}}, {"model": "roles_de_proyecto.permisosporfase", "pk": 30, "fields": {"fase": 9, "permisos": [74, 65, 67, 77, 82, 66, 68, 88, 78, 75, 84, 79, 76, 63]}}, {"model": "roles_de_proyecto.permisosporfase", "pk": 31, "fields": {"fase": 10, "permisos": [74, 65, 67, 77, 82, 66, 68, 88, 78, 75, 84, 79, 76, 63]}}, {"model": "roles_de_proyecto.permisosporfase", "pk": 32, "fields": {"fase": 11, "permisos": [74, 65, 67, 77, 82, 66, 68, 88, 78, 75, 84, 79, 76, 63]}}, {"model": "roles_de_proyecto.permisosporfase", "pk": 33, "fields": {"fase": 9, "permisos": [80, 64, 87, 86, 81, 88, 85, 76, 83, 63]}}, {"model": "roles_de_proyecto.permisosporfase", "pk": 34, "fields": {"fase": 10, "permisos": [80, 64, 87, 86, 81, 88, 85, 76, 83, 63]}}, {"model": "roles_de_proyecto.permisosporfase", "pk": 35, "fields": {"fase": 11, "permisos": [80, 64, 87, 86, 81, 88, 85, 76, 83, 63]}}, {"model": "gestion_de_proyecto.proyecto", "pk": 1, "fields": {"nombre": "Gestor de Configuraci\u00f3n de Software", "descripcion": "Un gestor de configuraci\u00f3n de software", "gerente": 2, "creador": 1, "fecha_de_creacion": "2020-10-05T20:05:20.737Z", "estado": "Iniciado"}}, {"model": "gestion_de_proyecto.proyecto", "pk": 2, "fields": {"nombre": "Sistema de Inscripci\u00f3n", "descripcion": "Un sistema de inscripci\u00f3n para la Universidad Nacional de Asunci\u00f3m", "gerente": 3, "creador": 1, "fecha_de_creacion": "2020-10-05T20:06:35.694Z", "estado": "Iniciado"}}, {"model": "gestion_de_proyecto.proyecto", "pk": 3, "fields": {"nombre": "Sistema de predicci\u00f3n de focos de incendio", "descripcion": "Un sistema basado en machine learning que intenta predecir con cierta precisi\u00f3n la ubicaci\u00f3n de focos de incendio en el Paraguay", "gerente": 5, "creador": 1, "fecha_de_creacion": "2020-10-06T14:29:08.516Z", "estado": "Cancelado"}}, {"model": "gestion_de_proyecto.proyecto", "pk": 4, "fields": {"nombre": "Sistema de evaluaci\u00f3n de riesgo en un prestamo", "descripcion": "Sistema basado en machine learning que intenta evaluar el riesgo que conlleva otorgar un prestamo a un cliente.", "gerente": 4, "creador": 1, "fecha_de_creacion": "2020-10-06T14:30:57.881Z", "estado": "En Configuraci\u00f3n"}}, {"model": "gestion_de_proyecto.participante", "pk": 1, "fields": {"proyecto": 1, "usuario": 2, "rol": null, "permisos_por_fase": []}}, {"model": "gestion_de_proyecto.participante", "pk": 2, "fields": {"proyecto": 2, "usuario": 3, "rol": null, "permisos_por_fase": []}}, {"model": "gestion_de_proyecto.participante", "pk": 3, "fields": {"proyecto": 3, "usuario": 5, "rol": null, "permisos_por_fase": []}}, {"model": "gestion_de_proyecto.participante", "pk": 4, "fields": {"proyecto": 4, "usuario": 4, "rol": null, "permisos_por_fase": []}}, {"model": "gestion_de_proyecto.participante", "pk": 5, "fields": {"proyecto": 3, "usuario": 3, "rol": 1, "permisos_por_fase": [1, 2]}}, {"model": "gestion_de_proyecto.participante", "pk": 6, "fields": {"proyecto": 3, "usuario": 4, "rol": 2, "permisos_por_fase": [3, 4]}}, {"model": "gestion_de_proyecto.participante", "pk": 7, "fields": {"proyecto": 3, "usuario": 2, "rol": 1, "permisos_por_fase": [5, 6]}}, {"model": "gestion_de_proyecto.participante", "pk": 8, "fields": {"proyecto": 4, "usuario": 2, "rol": 1, "permisos_por_fase": [7, 8]}}, {"model": "gestion_de_proyecto.participante", "pk": 9, "fields": {"proyecto": 4, "usuario": 3, "rol": 2, "permisos_por_fase": [9, 10]}}, {"model": "gestion_de_proyecto.participante", "pk": 10, "fields": {"proyecto": 1, "usuario": 5, "rol": 2, "permisos_por_fase": [11, 12, 13, 14]}}, {"model": "gestion_de_proyecto.participante", "pk": 11, "fields": {"proyecto": 1, "usuario": 4, "rol": 1, "permisos_por_fase": [15, 17, 19, 21]}}, {"model": "gestion_de_proyecto.participante", "pk": 12, "fields": {"proyecto": 1, "usuario": 3, "rol": 1, "permisos_por_fase": [23, 24, 25, 26]}}, {"model": "gestion_de_proyecto.participante", "pk": 13, "fields": {"proyecto": 2, "usuario": 4, "rol": 1, "permisos_por_fase": [27, 28, 29]}}, {"model": "gestion_de_proyecto.participante", "pk": 14, "fields": {"proyecto": 2, "usuario": 5, "rol": 2, "permisos_por_fase": [30, 31, 32]}}, {"model": "gestion_de_proyecto.participante", "pk": 15, "fields": {"proyecto": 2, "usuario": 2, "rol": 1, "permisos_por_fase": [33, 34, 35]}}, {"model": "gestion_de_proyecto.comite", "pk": 1, "fields": {"proyecto": 1, "miembros": [1, 10, 12]}}, {"model": "gestion_de_proyecto.comite", "pk": 2, "fields": {"proyecto": 2, "miembros": [13, 14, 15]}}, {"model": "gestion_de_proyecto.comite", "pk": 3, "fields": {"proyecto": 3, "miembros": [3, 5, 7]}}, {"model": "gestion_de_proyecto.comite", "pk": 4, "fields": {"proyecto": 4, "miembros": [4, 8, 9]}}, {"model": "gestion_de_fase.fase", "pk": 1, "fields": {"nombre": "Recoleccion de datos", "proyecto": 3, "descripcion": "Fase de recolecc\u00ed\u00f3n de datos historicos", "fase_anterior": null, "fase_cerrada": false, "puede_cerrarse": false}}, {"model": "gestion_de_fase.fase", "pk": 2, "fields": {"nombre": "Implementaci\u00f3n", "proyecto": 3, "descripcion": "Implementaci\u00f3n del software", "fase_anterior": 1, "fase_cerrada": false, "puede_cerrarse": false}}, {"model": "gestion_de_fase.fase", "pk": 3, "fields": {"nombre": "Recoleccion de datos", "proyecto": 4, "descripcion": "Recoleccion de datos", "fase_anterior": null, "fase_cerrada": false, "puede_cerrarse": false}}, {"model": "gestion_de_fase.fase", "pk": 4, "fields": {"nombre": "Implementaci\u00f3n", "proyecto": 4, "descripcion": "Implementaci\u00f3n del software", "fase_anterior": 3, "fase_cerrada": false, "puede_cerrarse": false}}, {"model": "gestion_de_fase.fase", "pk": 5, "fields": {"nombre": "Analisis de requerimientos", "proyecto": 1, "descripcion": "Fase de Analisis", "fase_anterior": null, "fase_cerrada": false, "puede_cerrarse": false}}, {"model": "gestion_de_fase.fase", "pk": 6, "fields": {"nombre": "Dise\u00f1o", "proyecto": 1, "descripcion": "Fase de dise\u00f1o", "fase_anterior": 5, "fase_cerrada": false, "puede_cerrarse": false}}, {"model": "gestion_de_fase.fase", "pk": 7, "fields": {"nombre": "Desarrollo", "proyecto": 1, "descripcion": "Fase de desarrollo", "fase_anterior": 6, "fase_cerrada": false, "puede_cerrarse": false}}, {"model": "gestion_de_fase.fase", "pk": 8, "fields": {"nombre": "Pruebas", "proyecto": 1, "descripcion": "Fase de pruebas", "fase_anterior": 7, "fase_cerrada": false, "puede_cerrarse": false}}, {"model": "gestion_de_fase.fase", "pk": 9, "fields": {"nombre": "Dise\u00f1o", "proyecto": 2, "descripcion": "Fase de dise\u00f1o", "fase_anterior": null, "fase_cerrada": false, "puede_cerrarse": false}}, {"model": "gestion_de_fase.fase", "pk": 10, "fields": {"nombre": "Desarrollo", "proyecto": 2, "descripcion": "Fase de desarrollo", "fase_anterior": 9, "fase_cerrada": false, "puede_cerrarse": false}}, {"model": "gestion_de_fase.fase", "pk": 11, "fields": {"nombre": "Pruebas", "proyecto": 2, "descripcion": "Fase de pruebas", "fase_anterior": 10, "fase_cerrada": false, "puede_cerrarse": false}}, {"model": "gestion_de_tipo_de_item.tipodeitem", "pk": 1, "fields": {"nombre": "Datos", "descripcion": "Datos recompilados.", "prefijo": "DT", "creador": 4, "fase": 1, "fecha_creacion": "2020-10-06T15:03:11.157Z"}}, {"model": "gestion_de_tipo_de_item.tipodeitem", "pk": 4, "fields": {"nombre": "Requerimiento no Funcional", "descripcion": "Descripci\u00f3n de un requerimiento no funcional", "prefijo": "RNF", "creador": 5, "fase": 5, "fecha_creacion": "2020-10-06T21:18:45.233Z"}}, {"model": "gestion_de_tipo_de_item.tipodeitem", "pk": 7, "fields": {"nombre": "Caso de uso", "descripcion": "Descripci\u00f3n de un caso de uso", "prefijo": "CU", "creador": 5, "fase": 6, "fecha_creacion": "2020-10-06T21:22:46.104Z"}}, {"model": "gestion_de_tipo_de_item.tipodeitem", "pk": 8, "fields": {"nombre": "Clase", "descripcion": "Especificaci\u00f3n de una clase", "prefijo": "CL", "creador": 5, "fase": 6, "fecha_creacion": "2020-10-06T21:32:01.393Z"}}, {"model": "gestion_de_tipo_de_item.tipodeitem", "pk": 10, "fields": {"nombre": "Codigo Fuente", "descripcion": "Codigo fuente", "prefijo": "SRC", "creador": 5, "fase": 7, "fecha_creacion": "2020-10-06T22:38:23.990Z"}}, {"model": "gestion_de_tipo_de_item.tipodeitem", "pk": 11, "fields": {"nombre": "Modulo", "descripcion": "Especificaci\u00f3n de un modulo del sistema", "prefijo": "M", "creador": 5, "fase": 7, "fecha_creacion": "2020-10-06T22:38:56.361Z"}}, {"model": "gestion_de_tipo_de_item.tipodeitem", "pk": 12, "fields": {"nombre": "Requerimiento Funcional", "descripcion": "Descripci\u00f3n de un requerimiento funcional", "prefijo": "RF", "creador": 5, "fase": 5, "fecha_creacion": "2020-10-07T13:44:31.978Z"}}, {"model": "gestion_de_tipo_de_item.tipodeitem", "pk": 13, "fields": {"nombre": "Prueba unitaria", "descripcion": "Descripci\u00f3n de los parametros y resultados esperados de una prueba unitaria.", "prefijo": "PU", "creador": 5, "fase": 8, "fecha_creacion": "2020-10-08T19:55:51.249Z"}}, {"model": "gestion_de_tipo_de_item.tipodeitem", "pk": 14, "fields": {"nombre": "Prueba de integraci\u00f3n", "descripcion": "Especificaci\u00f3n de una prueba de integraci\u00f3n", "prefijo": "PI", "creador": 5, "fase": 8, "fecha_creacion": "2020-10-08T19:56:51.613Z"}}, {"model": "gestion_de_tipo_de_item.tipodeitem", "pk": 15, "fields": {"nombre": "Requerimiento Funcional", "descripcion": "Descripci\u00f3n de un requerimiento funcional", "prefijo": "RF", "creador": 3, "fase": 9, "fecha_creacion": "2020-10-08T20:50:23.319Z"}}, {"model": "gestion_de_tipo_de_item.tipodeitem", "pk": 16, "fields": {"nombre": "Requerimiento no Funcional", "descripcion": "Descripci\u00f3n de un requerimiento no funcional", "prefijo": "RNF", "creador": 3, "fase": 9, "fecha_creacion": "2020-10-08T20:54:44.053Z"}}, {"model": "gestion_de_tipo_de_item.tipodeitem", "pk": 17, "fields": {"nombre": "Caso de uso", "descripcion": "Descripci\u00f3n de un caso de uso", "prefijo": "CU", "creador": 3, "fase": 10, "fecha_creacion": "2020-10-08T20:55:24.768Z"}}, {"model": "gestion_de_tipo_de_item.tipodeitem", "pk": 18, "fields": {"nombre": "Clase", "descripcion": "Especificaci\u00f3n de una clase", "prefijo": "CL", "creador": 3, "fase": 10, "fecha_creacion": "2020-10-08T20:55:34.119Z"}}, {"model": "gestion_de_tipo_de_item.tipodeitem", "pk": 19, "fields": {"nombre": "Prueba unitaria", "descripcion": "Descripci\u00f3n de los parametros y resultados esperados de una prueba unitaria.", "prefijo": "PU", "creador": 3, "fase": 11, "fecha_creacion": "2020-10-08T20:57:04.203Z"}}, {"model": "gestion_de_tipo_de_item.tipodeitem", "pk": 20, "fields": {"nombre": "Prueba de integraci\u00f3n", "descripcion": "Especificaci\u00f3n de una prueba de integraci\u00f3n", "prefijo": "PI", "creador": 3, "fase": 11, "fecha_creacion": "2020-10-08T20:57:14.781Z"}}, {"model": "gestion_de_tipo_de_item.atributobinario", "pk": 1, "fields": {"nombre": "Archivo de datos", "requerido": false, "max_tama\u00f1o": 200, "tipo_de_item": 1}}, {"model": "gestion_de_tipo_de_item.atributobinario", "pk": 3, "fields": {"nombre": "Especificaci\u00f3n del requerimiento", "requerido": false, "max_tama\u00f1o": 50, "tipo_de_item": 4}}, {"model": "gestion_de_tipo_de_item.atributobinario", "pk": 5, "fields": {"nombre": "Especificaci\u00f3n", "requerido": false, "max_tama\u00f1o": 50, "tipo_de_item": 7}}, {"model": "gestion_de_tipo_de_item.atributobinario", "pk": 6, "fields": {"nombre": "Diagrama", "requerido": false, "max_tama\u00f1o": 50, "tipo_de_item": 7}}, {"model": "gestion_de_tipo_de_item.atributobinario", "pk": 7, "fields": {"nombre": "Especificaci\u00f3n de la clase", "requerido": false, "max_tama\u00f1o": 20, "tipo_de_item": 8}}, {"model": "gestion_de_tipo_de_item.atributobinario", "pk": 8, "fields": {"nombre": "Archivo", "requerido": false, "max_tama\u00f1o": 20, "tipo_de_item": 10}}, {"model": "gestion_de_tipo_de_item.atributobinario", "pk": 9, "fields": {"nombre": "Especificaci\u00f3n del requerimiento", "requerido": false, "max_tama\u00f1o": 50, "tipo_de_item": 12}}, {"model": "gestion_de_tipo_de_item.atributobinario", "pk": 10, "fields": {"nombre": "Especificaci\u00f3n del requerimiento", "requerido": false, "max_tama\u00f1o": 50, "tipo_de_item": 15}}, {"model": "gestion_de_tipo_de_item.atributobinario", "pk": 11, "fields": {"nombre": "Especificaci\u00f3n del requerimiento", "requerido": false, "max_tama\u00f1o": 50, "tipo_de_item": 16}}, {"model": "gestion_de_tipo_de_item.atributobinario", "pk": 12, "fields": {"nombre": "Especificaci\u00f3n", "requerido": false, "max_tama\u00f1o": 50, "tipo_de_item": 17}}, {"model": "gestion_de_tipo_de_item.atributobinario", "pk": 13, "fields": {"nombre": "Diagrama", "requerido": false, "max_tama\u00f1o": 50, "tipo_de_item": 17}}, {"model": "gestion_de_tipo_de_item.atributobinario", "pk": 14, "fields": {"nombre": "Especificaci\u00f3n de la clase", "requerido": false, "max_tama\u00f1o": 20, "tipo_de_item": 18}}, {"model": "gestion_de_tipo_de_item.atributobooleano", "pk": 1, "fields": {"nombre": "Perteneciente a Producci\u00f3n", "requerido": false, "tipo_de_item": 11}}, {"model": "gestion_de_tipo_de_item.atributonumerico", "pk": 1, "fields": {"nombre": "Numero de parametros", "requerido": true, "max_digitos": 2, "max_decimales": 0, "tipo_de_item": 13}}, {"model": "gestion_de_tipo_de_item.atributonumerico", "pk": 2, "fields": {"nombre": "Cantidad de parametros", "requerido": true, "max_digitos": 2, "max_decimales": 0, "tipo_de_item": 14}}, {"model": "gestion_de_tipo_de_item.atributonumerico", "pk": 3, "fields": {"nombre": "Cantidad de entidades a integrar", "requerido": true, "max_digitos": 2, "max_decimales": 0, "tipo_de_item": 14}}, {"model": "gestion_de_tipo_de_item.atributonumerico", "pk": 4, "fields": {"nombre": "Numero de parametros", "requerido": true, "max_digitos": 2, "max_decimales": 0, "tipo_de_item": 19}}, {"model": "gestion_de_tipo_de_item.atributonumerico", "pk": 5, "fields": {"nombre": "Cantidad de parametros", "requerido": true, "max_digitos": 2, "max_decimales": 0, "tipo_de_item": 20}}, {"model": "gestion_de_tipo_de_item.atributonumerico", "pk": 6, "fields": {"nombre": "Cantidad de entidades a integrar", "requerido": true, "max_digitos": 2, "max_decimales": 0, "tipo_de_item": 20}}, {"model": "gestion_de_tipo_de_item.atributofecha", "pk": 3, "fields": {"nombre": "Fecha", "requerido": true, "tipo_de_item": 7}}, {"model": "gestion_de_tipo_de_item.atributofecha", "pk": 4, "fields": {"nombre": "Fecha", "requerido": true, "tipo_de_item": 17}}, {"model": "gestion_de_item.item", "pk": 1, "fields": {"tipo_de_item": 1, "estado": "Aprobado", "codigo": "DT_1", "version": 1, "encargado_de_modificar": null, "cambio_necesario": "", "estado_anterior": ""}}, {"model": "gestion_de_item.item", "pk": 2, "fields": {"tipo_de_item": 1, "estado": "No Aprobado", "codigo": "DT_2", "version": 3, "encargado_de_modificar": null, "cambio_necesario": "", "estado_anterior": ""}}, {"model": "gestion_de_item.item", "pk": 3, "fields": {"tipo_de_item": 12, "estado": "En Linea Base", "codigo": "RF_1", "version": 4, "encargado_de_modificar": null, "cambio_necesario": "", "estado_anterior": ""}}, {"model": "gestion_de_item.item", "pk": 4, "fields": {"tipo_de_item": 12, "estado": "En Linea Base", "codigo": "RF_2", "version": 6, "encargado_de_modificar": null, "cambio_necesario": "", "estado_anterior": ""}}, {"model": "gestion_de_item.item", "pk": 5, "fields": {"tipo_de_item": 4, "estado": "En Linea Base", "codigo": "RNF_1", "version": 7, "encargado_de_modificar": null, "cambio_necesario": "", "estado_anterior": ""}}, {"model": "gestion_de_item.item", "pk": 6, "fields": {"tipo_de_item": 4, "estado": "En Linea Base", "codigo": "RNF_2", "version": 8, "encargado_de_modificar": null, "cambio_necesario": "", "estado_anterior": ""}}, {"model": "gestion_de_item.item", "pk": 7, "fields": {"tipo_de_item": 7, "estado": "En Linea Base", "codigo": "CU_1", "version": 14, "encargado_de_modificar": null, "cambio_necesario": "", "estado_anterior": ""}}, {"model": "gestion_de_item.item", "pk": 8, "fields": {"tipo_de_item": 7, "estado": "En Linea Base", "codigo": "CU_2", "version": 15, "encargado_de_modificar": null, "cambio_necesario": "", "estado_anterior": ""}}, {"model": "gestion_de_item.item", "pk": 9, "fields": {"tipo_de_item": 4, "estado": "En Linea Base", "codigo": "RNF_3", "version": 12, "encargado_de_modificar": null, "cambio_necesario": "", "estado_anterior": ""}}, {"model": "gestion_de_item.item", "pk": 10, "fields": {"tipo_de_item": 8, "estado": "No Aprobado", "codigo": "CL_1", "version": 17, "encargado_de_modificar": null, "cambio_necesario": "", "estado_anterior": ""}}, {"model": "gestion_de_item.item", "pk": 11, "fields": {"tipo_de_item": 11, "estado": "En Linea Base", "codigo": "M_1", "version": 19, "encargado_de_modificar": null, "cambio_necesario": "", "estado_anterior": ""}}, {"model": "gestion_de_item.item", "pk": 12, "fields": {"tipo_de_item": 10, "estado": "No Aprobado", "codigo": "SRC_1", "version": 20, "encargado_de_modificar": null, "cambio_necesario": "", "estado_anterior": ""}}, {"model": "gestion_de_item.item", "pk": 13, "fields": {"tipo_de_item": 8, "estado": "Eliminado", "codigo": "CL_2", "version": 21, "encargado_de_modificar": null, "cambio_necesario": "", "estado_anterior": ""}}, {"model": "gestion_de_item.item", "pk": 14, "fields": {"tipo_de_item": 15, "estado": "En Linea Base", "codigo": "RF_1", "version": 22, "encargado_de_modificar": null, "cambio_necesario": "", "estado_anterior": ""}}, {"model": "gestion_de_item.item", "pk": 15, "fields": {"tipo_de_item": 15, "estado": "Aprobado", "codigo": "RF_2", "version": 25, "encargado_de_modificar": null, "cambio_necesario": "", "estado_anterior": ""}}, {"model": "gestion_de_item.item", "pk": 16, "fields": {"tipo_de_item": 16, "estado": "Aprobado", "codigo": "RNF_1", "version": 24, "encargado_de_modificar": null, "cambio_necesario": "", "estado_anterior": ""}}, {"model": "gestion_de_item.item", "pk": 17, "fields": {"tipo_de_item": 16, "estado": "En Linea Base", "codigo": "RNF_2", "version": 26, "encargado_de_modificar": null, "cambio_necesario": "", "estado_anterior": ""}}, {"model": "gestion_de_item.item", "pk": 18, "fields": {"tipo_de_item": 16, "estado": "En Linea Base", "codigo": "RNF_3", "version": 28, "encargado_de_modificar": null, "cambio_necesario": "", "estado_anterior": ""}}, {"model": "gestion_de_item.item", "pk": 19, "fields": {"tipo_de_item": 17, "estado": "En Linea Base", "codigo": "CU_1", "version": 29, "encargado_de_modificar": null, "cambio_necesario": "", "estado_anterior": ""}}, {"model": "gestion_de_item.item", "pk": 20, "fields": {"tipo_de_item": 17, "estado": "En Linea Base", "codigo": "CU_2", "version": 30, "encargado_de_modificar": null, "cambio_necesario": "", "estado_anterior": ""}}, {"model": "gestion_de_item.item", "pk": 21, "fields": {"tipo_de_item": 18, "estado": "En Linea Base", "codigo": "CL_1", "version": 31, "encargado_de_modificar": null, "cambio_necesario": "", "estado_anterior": ""}}, {"model": "gestion_de_item.item", "pk": 22, "fields": {"tipo_de_item": 19, "estado": "En Linea Base", "codigo": "PU_1", "version": 33, "encargado_de_modificar": null, "cambio_necesario": "", "estado_anterior": ""}}, {"model": "gestion_de_item.item", "pk": 23, "fields": {"tipo_de_item": 19, "estado": "No Aprobado", "codigo": "PU_2", "version": 34, "encargado_de_modificar": null, "cambio_necesario": "", "estado_anterior": ""}}, {"model": "gestion_de_item.versionitem", "pk": 1, "fields": {"item": 1, "nombre": "Focos de incendio 2019", "descripcion": "Focos de incendio del paraguay en el anho 2019", "version": 1, "peso": 5, "antecesores": [], "padres": []}}, {"model": "gestion_de_item.versionitem", "pk": 2, "fields": {"item": 2, "nombre": "Focos de incendio 2018", "descripcion": "Focos de incendio del anho 2018", "version": 1, "peso": 4, "antecesores": [], "padres": []}}, {"model": "gestion_de_item.versionitem", "pk": 3, "fields": {"item": 2, "nombre": "Focos de incendio 2018", "descripcion": "Focos de incendio del anho 2018", "version": 2, "peso": 2, "antecesores": [], "padres": []}}, {"model": "gestion_de_item.versionitem", "pk": 4, "fields": {"item": 3, "nombre": "Registro de usuarios", "descripcion": "Descripci\u00f3n de los requerimientos para el registro de un nuevo usuario al sistema", "version": 1, "peso": 5, "antecesores": [], "padres": []}}, {"model": "gestion_de_item.versionitem", "pk": 5, "fields": {"item": 4, "nombre": "Inicio de sesi\u00f3n", "descripcion": "Especificaci\u00f3n del requerimiento de inicio de sesi\u00f3n.", "version": 1, "peso": 3, "antecesores": [], "padres": []}}, {"model": "gestion_de_item.versionitem", "pk": 6, "fields": {"item": 4, "nombre": "Inicio de sesi\u00f3n", "descripcion": "Especificaci\u00f3n del requerimiento de inicio de sesi\u00f3n.", "version": 2, "peso": 3, "antecesores": [], "padres": [3]}}, {"model": "gestion_de_item.versionitem", "pk": 7, "fields": {"item": 5, "nombre": "Accesibilidad del sistema", "descripcion": "El sistema debe ser accesible para personas con problemas de vista permitiendo modificar el tama\u00f1o de las letras, su color, fuente y el color del background.", "version": 1, "peso": 6, "antecesores": [], "padres": []}}, {"model": "gestion_de_item.versionitem", "pk": 8, "fields": {"item": 6, "nombre": "Multiplataforma", "descripcion": "Debe ser posible usar el sistema en los sistemas operativos de windows y Linux", "version": 1, "peso": 4, "antecesores": [], "padres": []}}, {"model": "gestion_de_item.versionitem", "pk": 9, "fields": {"item": 7, "nombre": "Registro de usuarios", "descripcion": "Descripci\u00f3n de los pasos para registrar un usuario.", "version": 1, "peso": 6, "antecesores": [3], "padres": []}}, {"model": "gestion_de_item.versionitem", "pk": 10, "fields": {"item": 8, "nombre": "Inicio de sesi\u00f3n", "descripcion": "Descripci\u00f3n del caso de uso de inicio de sesi\u00f3n", "version": 1, "peso": 5, "antecesores": [4], "padres": []}}, {"model": "gestion_de_item.versionitem", "pk": 11, "fields": {"item": 8, "nombre": "Inicio de sesi\u00f3n", "descripcion": "Descripci\u00f3n del caso de uso de inicio de sesi\u00f3n", "version": 2, "peso": 5, "antecesores": [4], "padres": [7]}}, {"model": "gestion_de_item.versionitem", "pk": 12, "fields": {"item": 9, "nombre": "Tiempo de envio correo de confimaci\u00f3n de registro", "descripcion": "Especificaciones de las prestaciones necesarias a la hora de enviar el correo de confirmaci\u00f3n de registro", "version": 1, "peso": 2, "antecesores": [], "padres": [3]}}, {"model": "gestion_de_item.versionitem", "pk": 13, "fields": {"item": 8, "nombre": "Inicio de sesi\u00f3n", "descripcion": "Descripci\u00f3n del caso de uso de inicio de sesi\u00f3n", "version": 3, "peso": 5, "antecesores": [4], "padres": []}}, {"model": "gestion_de_item.versionitem", "pk": 14, "fields": {"item": 7, "nombre": "Registro de usuarios", "descripcion": "Descripci\u00f3n de los pasos para registrar un usuario.", "version": 2, "peso": 6, "antecesores": [3, 9], "padres": []}}, {"model": "gestion_de_item.versionitem", "pk": 15, "fields": {"item": 8, "nombre": "Inicio de sesi\u00f3n", "descripcion": "Descripci\u00f3n del caso de uso de inicio de sesi\u00f3n", "version": 4, "peso": 5, "antecesores": [4], "padres": [7]}}, {"model": "gestion_de_item.versionitem", "pk": 16, "fields": {"item": 10, "nombre": "Usuario", "descripcion": "Especificaci\u00f3n de la clase usuario", "version": 1, "peso": 7, "antecesores": [4], "padres": []}}, {"model": "gestion_de_item.versionitem", "pk": 17, "fields": {"item": 10, "nombre": "Usuario", "descripcion": "Especificaci\u00f3n de la clase usuario", "version": 2, "peso": 7, "antecesores": [4], "padres": [7]}}, {"model": "gestion_de_item.versionitem", "pk": 18, "fields": {"item": 11, "nombre": "Modulo de Registro e Inicio de Sesi\u00f3n", "descripcion": "Especificaci\u00f3n del modulo que comprende el registro e inicio de sesi\u00f3n", "version": 1, "peso": 10, "antecesores": [7], "padres": []}}, {"model": "gestion_de_item.versionitem", "pk": 19, "fields": {"item": 11, "nombre": "Modulo de Registro e Inicio de Sesi\u00f3n", "descripcion": "Especificaci\u00f3n del modulo que comprende el registro e inicio de sesi\u00f3n", "version": 2, "peso": 10, "antecesores": [7, 8], "padres": []}}, {"model": "gestion_de_item.versionitem", "pk": 20, "fields": {"item": 12, "nombre": "Validaci\u00f3n de inicio de sesi\u00f3n", "descripcion": "Codigo de valida si el usuario que intenta iniciar sesi\u00f3n se encuentra registrado en el sistema.", "version": 1, "peso": 8, "antecesores": [], "padres": [11]}}, {"model": "gestion_de_item.versionitem", "pk": 21, "fields": {"item": 13, "nombre": "Inicio de sesi\u00f3n", "descripcion": "Clase para el inicio de sesi\u00f3n", "version": 1, "peso": 4, "antecesores": [], "padres": [8]}}, {"model": "gestion_de_item.versionitem", "pk": 22, "fields": {"item": 14, "nombre": "Registro de usuarios", "descripcion": "Registro de usuarios", "version": 1, "peso": 5, "antecesores": [], "padres": []}}, {"model": "gestion_de_item.versionitem", "pk": 23, "fields": {"item": 15, "nombre": "Inicio de sesi\u00f3n", "descripcion": "Inicio de sesi\u00f3n", "version": 1, "peso": 4, "antecesores": [], "padres": []}}, {"model": "gestion_de_item.versionitem", "pk": 24, "fields": {"item": 16, "nombre": "Accesibilidad del sistema", "descripcion": "Accesibilidad del sistema", "version": 1, "peso": 3, "antecesores": [], "padres": []}}, {"model": "gestion_de_item.versionitem", "pk": 25, "fields": {"item": 15, "nombre": "Inicio de sesi\u00f3n", "descripcion": "Inicio de sesi\u00f3n", "version": 2, "peso": 4, "antecesores": [], "padres": [14]}}, {"model": "gestion_de_item.versionitem", "pk": 26, "fields": {"item": 17, "nombre": "Tiempo de envio correo de confimaci\u00f3n de registro", "descripcion": "Especificaci\u00f3n del tiempo aceptable", "version": 1, "peso": 3, "antecesores": [], "padres": [16]}}, {"model": "gestion_de_item.versionitem", "pk": 27, "fields": {"item": 18, "nombre": "Tiempo de inicio de sesi\u00f3n", "descripcion": "Tiempo de inicio de sesi\u00f3n", "version": 1, "peso": 5, "antecesores": [], "padres": []}}, {"model": "gestion_de_item.versionitem", "pk": 28, "fields": {"item": 18, "nombre": "Tiempo de inicio de sesi\u00f3n", "descripcion": "Tiempo de inicio de sesi\u00f3n", "version": 2, "peso": 5, "antecesores": [], "padres": [15]}}, {"model": "gestion_de_item.versionitem", "pk": 29, "fields": {"item": 19, "nombre": "Registrar usuarios", "descripcion": "Registro de usuarios", "version": 1, "peso": 3, "antecesores": [14], "padres": []}}, {"model": "gestion_de_item.versionitem", "pk": 30, "fields": {"item": 20, "nombre": "Inicio de sesi\u00f3n", "descripcion": "Inicio de sesi\u00f3n", "version": 1, "peso": 7, "antecesores": [18], "padres": []}}, {"model": "gestion_de_item.versionitem", "pk": 31, "fields": {"item": 21, "nombre": "Usuario", "descripcion": "Clase usuario", "version": 1, "peso": 10, "antecesores": [17], "padres": []}}, {"model": "gestion_de_item.versionitem", "pk": 32, "fields": {"item": 22, "nombre": "Prueba de registro", "descripcion": "Prueba de registro", "version": 1, "peso": 4, "antecesores": [19], "padres": []}}, {"model": "gestion_de_item.versionitem", "pk": 33, "fields": {"item": 22, "nombre": "Prueba de registro", "descripcion": "Prueba de registro", "version": 2, "peso": 4, "antecesores": [19, 21], "padres": []}}, {"model": "gestion_de_item.versionitem", "pk": 34, "fields": {"item": 23, "nombre": "Prueba de inicio de sesi\u00f3n", "descripcion": "inicio de sesi\u00f3n", "version": 1, "peso": 5, "antecesores": [], "padres": [22]}}, {"model": "gestion_de_item.versionitem", "pk": 35, "fields": {"item": 23, "nombre": "Prueba de inicio de sesi\u00f3n", "descripcion": "inicio de sesi\u00f3n", "version": 2, "peso": 5, "antecesores": [20], "padres": [22]}}, {"model": "gestion_de_item.atributoitemarchivo", "pk": 1, "fields": {"version": 1, "plantilla": 1, "valor": "", "archivo_temporal": ""}}, {"model": "gestion_de_item.atributoitemarchivo", "pk": 2, "fields": {"version": 2, "plantilla": 1, "valor": "", "archivo_temporal": ""}}, {"model": "gestion_de_item.atributoitemarchivo", "pk": 3, "fields": {"version": 3, "plantilla": 1, "valor": "", "archivo_temporal": ""}}, {"model": "gestion_de_item.atributoitemarchivo", "pk": 4, "fields": {"version": 4, "plantilla": 9, "valor": "rf_1.txt", "archivo_temporal": ""}}, {"model": "gestion_de_item.atributoitemarchivo", "pk": 5, "fields": {"version": 5, "plantilla": 9, "valor": "", "archivo_temporal": ""}}, {"model": "gestion_de_item.atributoitemarchivo", "pk": 6, "fields": {"version": 6, "plantilla": 9, "valor": "", "archivo_temporal": ""}}, {"model": "gestion_de_item.atributoitemarchivo", "pk": 7, "fields": {"version": 7, "plantilla": 3, "valor": "", "archivo_temporal": ""}}, {"model": "gestion_de_item.atributoitemarchivo", "pk": 8, "fields": {"version": 8, "plantilla": 3, "valor": "", "archivo_temporal": ""}}, {"model": "gestion_de_item.atributoitemarchivo", "pk": 9, "fields": {"version": 9, "plantilla": 5, "valor": "cu_1.txt", "archivo_temporal": ""}}, {"model": "gestion_de_item.atributoitemarchivo", "pk": 10, "fields": {"version": 9, "plantilla": 6, "valor": "cu_1.png", "archivo_temporal": ""}}, {"model": "gestion_de_item.atributoitemarchivo", "pk": 11, "fields": {"version": 10, "plantilla": 5, "valor": "", "archivo_temporal": ""}}, {"model": "gestion_de_item.atributoitemarchivo", "pk": 12, "fields": {"version": 10, "plantilla": 6, "valor": "cu_1.png", "archivo_temporal": ""}}, {"model": "gestion_de_item.atributoitemarchivo", "pk": 13, "fields": {"version": 11, "plantilla": 5, "valor": "", "archivo_temporal": ""}}, {"model": "gestion_de_item.atributoitemarchivo", "pk": 14, "fields": {"version": 11, "plantilla": 6, "valor": "cu_1.png", "archivo_temporal": ""}}, {"model": "gestion_de_item.atributoitemarchivo", "pk": 15, "fields": {"version": 12, "plantilla": 3, "valor": "", "archivo_temporal": ""}}, {"model": "gestion_de_item.atributoitemarchivo", "pk": 16, "fields": {"version": 13, "plantilla": 5, "valor": "", "archivo_temporal": ""}}, {"model": "gestion_de_item.atributoitemarchivo", "pk": 17, "fields": {"version": 13, "plantilla": 6, "valor": "cu_1.png", "archivo_temporal": ""}}, {"model": "gestion_de_item.atributoitemarchivo", "pk": 18, "fields": {"version": 14, "plantilla": 5, "valor": "cu_1.txt", "archivo_temporal": ""}}, {"model": "gestion_de_item.atributoitemarchivo", "pk": 19, "fields": {"version": 14, "plantilla": 6, "valor": "cu_1.png", "archivo_temporal": ""}}, {"model": "gestion_de_item.atributoitemarchivo", "pk": 20, "fields": {"version": 15, "plantilla": 5, "valor": "", "archivo_temporal": ""}}, {"model": "gestion_de_item.atributoitemarchivo", "pk": 21, "fields": {"version": 15, "plantilla": 6, "valor": "cu_1.png", "archivo_temporal": ""}}, {"model": "gestion_de_item.atributoitemarchivo", "pk": 22, "fields": {"version": 16, "plantilla": 7, "valor": "", "archivo_temporal": ""}}, {"model": "gestion_de_item.atributoitemarchivo", "pk": 23, "fields": {"version": 17, "plantilla": 7, "valor": "", "archivo_temporal": ""}}, {"model": "gestion_de_item.atributoitemarchivo", "pk": 24, "fields": {"version": 20, "plantilla": 8, "valor": "", "archivo_temporal": ""}}, {"model": "gestion_de_item.atributoitemarchivo", "pk": 25, "fields": {"version": 21, "plantilla": 7, "valor": "", "archivo_temporal": ""}}, {"model": "gestion_de_item.atributoitemarchivo", "pk": 26, "fields": {"version": 22, "plantilla": 10, "valor": "", "archivo_temporal": ""}}, {"model": "gestion_de_item.atributoitemarchivo", "pk": 27, "fields": {"version": 23, "plantilla": 10, "valor": "", "archivo_temporal": ""}}, {"model": "gestion_de_item.atributoitemarchivo", "pk": 28, "fields": {"version": 24, "plantilla": 11, "valor": "", "archivo_temporal": ""}}, {"model": "gestion_de_item.atributoitemarchivo", "pk": 29, "fields": {"version": 25, "plantilla": 10, "valor": "", "archivo_temporal": ""}}, {"model": "gestion_de_item.atributoitemarchivo", "pk": 30, "fields": {"version": 26, "plantilla": 11, "valor": "", "archivo_temporal": ""}}, {"model": "gestion_de_item.atributoitemarchivo", "pk": 31, "fields": {"version": 27, "plantilla": 11, "valor": "", "archivo_temporal": ""}}, {"model": "gestion_de_item.atributoitemarchivo", "pk": 32, "fields": {"version": 28, "plantilla": 11, "valor": "", "archivo_temporal": ""}}, {"model": "gestion_de_item.atributoitemarchivo", "pk": 33, "fields": {"version": 29, "plantilla": 12, "valor": "", "archivo_temporal": ""}}, {"model": "gestion_de_item.atributoitemarchivo", "pk": 34, "fields": {"version": 29, "plantilla": 13, "valor": "", "archivo_temporal": ""}}, {"model": "gestion_de_item.atributoitemarchivo", "pk": 35, "fields": {"version": 30, "plantilla": 12, "valor": "", "archivo_temporal": ""}}, {"model": "gestion_de_item.atributoitemarchivo", "pk": 36, "fields": {"version": 30, "plantilla": 13, "valor": "", "archivo_temporal": ""}}, {"model": "gestion_de_item.atributoitemarchivo", "pk": 37, "fields": {"version": 31, "plantilla": 14, "valor": "", "archivo_temporal": ""}}, {"model": "gestion_de_item.atributoitembooleano", "pk": 1, "fields": {"version": 18, "plantilla": 1, "valor": true}}, {"model": "gestion_de_item.atributoitembooleano", "pk": 2, "fields": {"version": 19, "plantilla": 1, "valor": true}}, {"model": "gestion_de_item.atributoitemfecha", "pk": 1, "fields": {"version": 9, "plantilla": 3, "valor": "2020-09-06"}}, {"model": "gestion_de_item.atributoitemfecha", "pk": 2, "fields": {"version": 10, "plantilla": 3, "valor": "2020-09-24"}}, {"model": "gestion_de_item.atributoitemfecha", "pk": 3, "fields": {"version": 11, "plantilla": 3, "valor": "2020-09-24"}}, {"model": "gestion_de_item.atributoitemfecha", "pk": 4, "fields": {"version": 13, "plantilla": 3, "valor": "2020-09-24"}}, {"model": "gestion_de_item.atributoitemfecha", "pk": 5, "fields": {"version": 14, "plantilla": 3, "valor": "2020-09-06"}}, {"model": "gestion_de_item.atributoitemfecha", "pk": 6, "fields": {"version": 15, "plantilla": 3, "valor": "2020-09-24"}}, {"model": "gestion_de_item.atributoitemfecha", "pk": 7, "fields": {"version": 29, "plantilla": 4, "valor": "2020-11-06"}}, {"model": "gestion_de_item.atributoitemfecha", "pk": 8, "fields": {"version": 30, "plantilla": 4, "valor": "2020-11-04"}}, {"model": "gestion_de_item.atributoitemnumerico", "pk": 1, "fields": {"version": 32, "plantilla": 4, "valor": "4.00000000000000000000"}}, {"model": "gestion_de_item.atributoitemnumerico", "pk": 2, "fields": {"version": 33, "plantilla": 4, "valor": "4.00000000000000000000"}}, {"model": "gestion_de_item.atributoitemnumerico", "pk": 3, "fields": {"version": 34, "plantilla": 4, "valor": "4.00000000000000000000"}}, {"model": "gestion_de_item.atributoitemnumerico", "pk": 4, "fields": {"version": 35, "plantilla": 4, "valor": "4.00000000000000000000"}}, {"model": "gestion_linea_base.lineabase", "pk": 1, "fields": {"nombre": "LB_1_1", "estado": "Cerrada", "fecha_creacion": "2020-10-08T13:56:12.986Z", "fase": 5, "items": [3, 4]}}, {"model": "gestion_linea_base.lineabase", "pk": 2, "fields": {"nombre": "LB_1_2", "estado": "Cerrada", "fecha_creacion": "2020-10-08T13:56:19.728Z", "fase": 5, "items": [5, 6]}}, {"model": "gestion_linea_base.lineabase", "pk": 3, "fields": {"nombre": "LB_1_3", "estado": "Cerrada", "fecha_creacion": "2020-10-08T18:01:22.273Z", "fase": 5, "items": [9]}}, {"model": "gestion_linea_base.lineabase", "pk": 4, "fields": {"nombre": "LB_2_1", "estado": "Cerrada", "fecha_creacion": "2020-10-08T19:41:29.955Z", "fase": 6, "items": [7, 8]}}, {"model": "gestion_linea_base.lineabase", "pk": 5, "fields": {"nombre": "LB_3_1", "estado": "Cerrada", "fecha_creacion": "2020-10-08T19:57:21.744Z", "fase": 7, "items": [11]}}, {"model": "gestion_linea_base.lineabase", "pk": 6, "fields": {"nombre": "LB_1_1", "estado": "Cerrada", "fecha_creacion": "2020-10-08T21:25:54.654Z", "fase": 9, "items": [14]}}, {"model": "gestion_linea_base.lineabase", "pk": 7, "fields": {"nombre": "LB_1_2", "estado": "Cerrada", "fecha_creacion": "2020-10-08T21:48:15.752Z", "fase": 9, "items": [17]}}, {"model": "gestion_linea_base.lineabase", "pk": 8, "fields": {"nombre": "LB_1_3", "estado": "Cerrada", "fecha_creacion": "2020-10-08T21:58:26.763Z", "fase": 9, "items": [18]}}, {"model": "gestion_linea_base.lineabase", "pk": 9, "fields": {"nombre": "LB_2_1", "estado": "Cerrada", "fecha_creacion": "2020-10-08T22:02:40.758Z", "fase": 10, "items": [19, 20, 21]}}, {"model": "gestion_linea_base.lineabase", "pk": 10, "fields": {"nombre": "LB_3_1", "estado": "Cerrada", "fecha_creacion": "2020-10-08T22:07:10.621Z", "fase": 11, "items": [22]}}, {"model": "gestion_linea_base.lineabase", "pk": 11, "fields": {"nombre": "LB_1_4", "estado": "Cerrada", "fecha_creacion": "2020-10-08T22:08:40.118Z", "fase": 9, "items": [15, 16]}}, {"model": "gestion_linea_base.lineabase", "pk": 12, "fields": {"nombre": "LB_3_2", "estado": "Cerrada", "fecha_creacion": "2020-10-08T22:10:15.588Z", "fase": 11, "items": [23]}}, {"model": "gestion_de_solicitud.solicituddecambio", "pk": 1, "fields": {"solicitante": 11, "linea_base": 2, "descripcion": "Nos encontramos con la necesidad de dar soporte a macOS", "fecha": "2020-10-08T14:37:07.851Z", "numero_de_miembros": 3, "estado": "Pendiente"}}, {"model": "gestion_de_solicitud.solicituddecambio", "pk": 2, "fields": {"solicitante": 11, "linea_base": 4, "descripcion": "No se consider\u00f3 el caso de usuarios en la lista negra del sistema.", "fecha": "2020-10-08T20:02:43.557Z", "numero_de_miembros": 3, "estado": "Pendiente"}}, {"model": "gestion_de_solicitud.asignacion", "pk": 1, "fields": {"usuario": 10, "item": 6, "solicitud": 1, "motivo": "Incluir soporte a macOS"}}, {"model": "gestion_de_solicitud.asignacion", "pk": 2, "fields": {"usuario": 10, "item": 8, "solicitud": 2, "motivo": "Incluir forma de tratar con los usuarios en la lista negra del sistema"}}, {"model": "gestion_de_solicitud.voto", "pk": 1, "fields": {"miembro": 12, "voto_a_favor": true, "solicitud": 1}}, {"model": "gestion_de_solicitud.voto", "pk": 2, "fields": {"miembro": 12, "voto_a_favor": true, "solicitud": 2}}, {"model": "gestion_de_solicitud.voto", "pk": 3, "fields": {"miembro": 1, "voto_a_favor": false, "solicitud": 1}}, {"model": "gestion_de_solicitud.voto", "pk": 4, "fields": {"miembro": 1, "voto_a_favor": false, "solicitud": 2}}, {"model": "account.emailaddress", "pk": 1, "fields": {"user": 1, "email": "marce-1999@fpuna.edu.py", "verified": true, "primary": true}}, {"model": "account.emailaddress", "pk": 2, "fields": {"user": 2, "email": "hugofleitasbus@fpuna.edu.py", "verified": true, "primary": true}}, {"model": "account.emailaddress", "pk": 3, "fields": {"user": 3, "email": "hugofleitasbus@gmail.com", "verified": true, "primary": true}}, {"model": "account.emailaddress", "pk": 4, "fields": {"user": 4, "email": "luanpemiis2@gmail.com", "verified": true, "primary": true}}, {"model": "account.emailaddress", "pk": 5, "fields": {"user": 5, "email": "maelrirois2@gmail.com", "verified": true, "primary": true}}, {"model": "account.emailaddress", "pk": 6, "fields": {"user": 6, "email": "is2anniis2@gmail.com", "verified": true, "primary": true}}, {"model": "socialaccount.socialaccount", "pk": 1, "fields": {"user": 1, "provider": "google", "uid": "105234345652868175197", "last_login": "2020-10-09T12:25:25.553Z", "date_joined": "2020-10-05T13:23:27.732Z", "extra_data": "{\"id\": \"105234345652868175197\", \"email\": \"marce-1999@fpuna.edu.py\", \"verified_email\": true, \"name\": \"Marcelo Nicolas Perez Britez\", \"given_name\": \"Marcelo Nicolas\", \"family_name\": \"Perez Britez\", \"picture\": \"https://lh6.googleusercontent.com/-aW8BiG0uSnQ/AAAAAAAAAAI/AAAAAAAAAAA/AMZuuckGObrBFA5V0qGogjc9HU026-pQ3g/photo.jpg\", \"locale\": \"es\", \"hd\": \"fpuna.edu.py\"}"}}, {"model": "socialaccount.socialaccount", "pk": 2, "fields": {"user": 2, "provider": "google", "uid": "105895296186884300997", "last_login": "2020-10-09T12:28:32.659Z", "date_joined": "2020-10-05T13:27:23.994Z", "extra_data": "{\"id\": \"105895296186884300997\", \"email\": \"hugofleitasbus@fpuna.edu.py\", \"verified_email\": true, \"name\": \"Hugo Javier Fleitas Bustamante\", \"given_name\": \"Hugo Javier\", \"family_name\": \"Fleitas Bustamante\", \"picture\": \"https://lh5.googleusercontent.com/-wk_EoUgUu2Y/AAAAAAAAAAI/AAAAAAAAAAA/AMZuuckYO1DacwTLBPwXxWaSSpqt0ezJFQ/s96-c/photo.jpg\", \"locale\": \"es\", \"hd\": \"fpuna.edu.py\"}"}}, {"model": "socialaccount.socialaccount", "pk": 3, "fields": {"user": 3, "provider": "google", "uid": "117823219343486766835", "last_login": "2020-10-09T12:29:23.183Z", "date_joined": "2020-10-05T13:27:35.793Z", "extra_data": "{\"id\": \"117823219343486766835\", \"email\": \"hugofleitasbus@gmail.com\", \"verified_email\": true, \"name\": \"Hugo Fleitas\", \"given_name\": \"Hugo\", \"family_name\": \"Fleitas\", \"picture\": \"https://lh3.googleusercontent.com/-o1hwlQKJ5dU/AAAAAAAAAAI/AAAAAAAAAAA/AMZuucnDiLdYkzjKxBsY4JT4H2beQNXRNg/s96-c/photo.jpg\", \"locale\": \"en\"}"}}, {"model": "socialaccount.socialaccount", "pk": 4, "fields": {"user": 4, "provider": "google", "uid": "100522071740648695567", "last_login": "2020-10-08T21:39:26.735Z", "date_joined": "2020-10-05T20:44:45.730Z", "extra_data": "{\"id\": \"100522071740648695567\", \"email\": \"luanpemiis2@gmail.com\", \"verified_email\": true, \"name\": \"Luis P\\u00e9rez\", \"given_name\": \"Luis\", \"family_name\": \"P\\u00e9rez\", \"picture\": \"https://lh5.googleusercontent.com/-LcoNGj7BjRI/AAAAAAAAAAI/AAAAAAAAAAA/AMZuucnFlLx8Hg1h_7Z2qYydMd1KmFgrjQ/s96-c/photo.jpg\", \"locale\": \"es\"}"}}, {"model": "socialaccount.socialaccount", "pk": 5, "fields": {"user": 5, "provider": "google", "uid": "113436216411496995271", "last_login": "2020-10-08T21:45:25.400Z", "date_joined": "2020-10-06T14:22:11.631Z", "extra_data": "{\"id\": \"113436216411496995271\", \"email\": \"maelrirois2@gmail.com\", \"verified_email\": true, \"name\": \"Marcos Riveros\", \"given_name\": \"Marcos\", \"family_name\": \"Riveros\", \"picture\": \"https://lh5.googleusercontent.com/-nij4FHs0w0o/AAAAAAAAAAI/AAAAAAAAAAA/AMZuucnVGnS4TVmMVwKUBlJw-n90dB_VRg/photo.jpg\", \"locale\": \"es\"}"}}, {"model": "socialaccount.socialaccount", "pk": 6, "fields": {"user": 6, "provider": "google", "uid": "100255949743665487043", "last_login": "2020-10-09T12:26:12.639Z", "date_joined": "2020-10-09T12:25:07.866Z", "extra_data": "{\"id\": \"100255949743665487043\", \"email\": \"is2anniis2@gmail.com\", \"verified_email\": true, \"name\": \"An\\u00edbal Nicolas\", \"given_name\": \"An\\u00edbal\", \"family_name\": \"Nicolas\", \"picture\": \"https://lh3.googleusercontent.com/-FdRFhBFHoGI/AAAAAAAAAAI/AAAAAAAAAAA/AMZuuck7NvS4SnU-gaLnYEBHiv9jQz698Q/s96-c/photo.jpg\", \"locale\": \"es\"}"}}, {"model": "socialaccount.socialtoken", "pk": 1, "fields": {"app": 1, "account": 1, "token": "ya29.a0AfH6SMAlq2RcKi2zNHjBWnGdwwDGgWYV-SutW2Y--o8XAAqMVS41q-EUw3Dk3bu62ZVbqbfPRRvTP29-THDhtzAH6CFOgzJkNk9wrrlmOsrP-Za-fkYofV1AbMar1RBKDOqBYzsEq99y96C39EzEKUrzlcIN08O23Her", "token_secret": "", "expires_at": "2020-10-09T13:25:24.396Z"}}, {"model": "socialaccount.socialtoken", "pk": 2, "fields": {"app": 1, "account": 2, "token": "ya29.a0AfH6SMBoD9Zr8NZMiK8eWnBIxso-m_47ulTN_JZ4iIUEaylmC1XdIlEJIiZCqhuyg1qf44U5pKxnCNPM_jT37Y35xuPELTAMcv3vTLOEMK3ez0Yyih55NYoiK5FlgrMgypN8Wye6uFS5sJBewmC67IVlwixx9FRaNfZQ", "token_secret": "", "expires_at": "2020-10-09T13:28:31.464Z"}}, {"model": "socialaccount.socialtoken", "pk": 3, "fields": {"app": 1, "account": 3, "token": "ya29.a0AfH6SMC2QLe5iQ8qB0x6GQDV_O33MeLqhPQZW2ToSQdghdxK-mb9bwy2aeB0AjIgSB_LRK1KjAPQL8OYMSdXLAUX8JN8iO3kQruf_910OIWX8BGsi44bRzE4wFLaVT4TP6ycVwtVuLjJmaC-Vs6k9EUb15eK_kXN8L8", "token_secret": "", "expires_at": "2020-10-09T13:29:22.020Z"}}, {"model": "socialaccount.socialtoken", "pk": 4, "fields": {"app": 1, "account": 4, "token": "ya29.a0AfH6SMBAm95egpQVIsXc4I1u5fduMmTHMraZZYn7150FQhuCelrrckp2l0EpgZjZpuH4EopfJTooAe_Il6sXKFpMvCKgcAjBJ_J2W-AmJscdIkSLq12s09wi0nC8c18bi8ljqHYWm1-8IKcxFECnCJoHaZCVFsj71aI", "token_secret": "", "expires_at": "2020-10-08T22:39:25.550Z"}}, {"model": "socialaccount.socialtoken", "pk": 5, "fields": {"app": 1, "account": 5, "token": "ya29.a0AfH6SMDla2eaO9XbrACOVtoi79pJR00l7Y9c8eVjgeyhRPCKEV6hGRJNOn_98rZm02bLBaeAoAyuQyNs0xHzrdRXfcztJ4a220bP0GfUvvat1wbKgNJKbgb-hgGGfSwoUrzqWe_nPfXjMQX4qvdPOqOrBo42aAb8Of8", "token_secret": "", "expires_at": "2020-10-08T22:45:24.216Z"}}, {"model": "socialaccount.socialtoken", "pk": 6, "fields": {"app": 1, "account": 6, "token": "ya29.a0AfH6SMDzzUd2dgzisgKNrMxL6PJjvHWZjhkdPs6pb7-BBft8U7sKJkm6-7zFYZULhQgJ7UA0SeAXuBPF5u-zYSy0_rAY3N9aP1EucE7mGZzcRc59GLSjTyUFWL0xbotPUvex3Qtnc5brxpxoahScd62THqBGQw8LSkY", "token_secret": "", "expires_at": "2020-10-09T13:26:11.459Z"}}]