[{"model": "auth.group", "pk": 1, "fields": {"name": "Administrador", "permissions": [39, 34, 48, 49, 33, 42, 37, 47, 40, 45, 41, 44, 38, 35, 43, 36, 46, 50]}}, {"model": "auth.group", "pk": 2, "fields": {"name": "Usuario", "permissions": [35, 43, 50]}}, {"model": "auth.user", "pk": 1, "fields": {"password": "!BOmJLbb2P0uzAvzhcbDCq20zTx4YPdngdExolaiq", "last_login": "2020-10-14T20:15:13.888Z", "is_superuser": false, "username": "marcelo_nicolas", "first_name": "Marcelo Nicolas", "last_name": "Perez Britez", "email": "marce-1999@fpuna.edu.py", "is_staff": false, "is_active": true, "date_joined": "2020-10-05T13:23:27.710Z", "groups": [1], "user_permissions": []}}, {"model": "auth.user", "pk": 2, "fields": {"password": "!Hj0v85c4ImXstv0GBEilvXHTV80ttocwa7hmv5XI", "last_login": "2020-11-05T20:27:21.027Z", "is_superuser": false, "username": "hugo_javier", "first_name": "Hugo Javier", "last_name": "Fleitas Bustamante", "email": "hugofleitasbus@fpuna.edu.py", "is_staff": false, "is_active": true, "date_joined": "2020-10-05T13:27:23.974Z", "groups": [2], "user_permissions": []}}, {"model": "auth.user", "pk": 3, "fields": {"password": "!ROmE3yyC5Q0h76UTxV8zlC6PxtjtPgBhfO0ji9pB", "last_login": "2020-10-14T20:21:36.764Z", "is_superuser": false, "username": "hugo", "first_name": "Hugo", "last_name": "Fleitas", "email": "hugofleitasbus@gmail.com", "is_staff": false, "is_active": true, "date_joined": "2020-10-05T13:27:35.780Z", "groups": [2], "user_permissions": []}}, {"model": "auth.user", "pk": 4, "fields": {"password": "!NhJRLGWuBx0xVCmEkMZQc7UGSmJmjbiSnqSm0qCH", "last_login": "2020-11-05T20:27:38.668Z", "is_superuser": false, "username": "luis", "first_name": "Luis", "last_name": "Pérez", "email": "luanpemiis2@gmail.com", "is_staff": false, "is_active": true, "date_joined": "2020-10-05T20:44:45.712Z", "groups": [2], "user_permissions": []}}, {"model": "auth.user", "pk": 5, "fields": {"password": "!COCfKjF6gBC3WTMFVF4gdRSqVggrSlW7xwcrHOZf", "last_login": "2020-11-05T19:48:08.294Z", "is_superuser": false, "username": "marcos", "first_name": "Marcos", "last_name": "Riveros", "email": "maelrirois2@gmail.com", "is_staff": false, "is_active": true, "date_joined": "2020-10-06T14:22:11.616Z", "groups": [2], "user_permissions": []}}, {"model": "auth.user", "pk": 6, "fields": {"password": "!QdjgJrx2WE205NR2Uqn0J2z0amSQDaE0eXWxk8pm", "last_login": "2020-11-05T19:38:51.696Z", "is_superuser": false, "username": "anibal", "first_name": "Aníbal", "last_name": "Nicolas", "email": "is2anniis2@gmail.com", "is_staff": false, "is_active": true, "date_joined": "2020-10-09T12:25:07.848Z", "groups": [1], "user_permissions": []}}, {"model": "sites.site", "pk": 1, "fields": {"domain": "localhost:8000", "name": "localhost"}}, {"model": "roles_de_sistema.roldesistema", "pk": 1, "fields": {"nombre": "Administrador", "descripcion": "Rol de Sistema de Administracion del Sistema", "permisos": [39, 34, 48, 49, 33, 42, 37, 47, 40, 45, 41, 44, 38, 35, 43, 36, 46, 50]}}, {"model": "roles_de_sistema.roldesistema", "pk": 2, "fields": {"nombre": "Usuario", "descripcion": "Usuario no administrador", "permisos": [35, 43]}}, {"model": "roles_de_proyecto.roldeproyecto", "pk": 1, "fields": {"nombre": "QA", "descripcion": "Encagargado de la calidad del producto de software.", "permisos": [80, 64, 87, 86, 81, 88, 85, 76, 83, 59]}}, {"model": "roles_de_proyecto.roldeproyecto", "pk": 2, "fields": {"nombre": "Desarrollador", "descripcion": "Programador", "permisos": [74, 65, 67, 77, 82, 66, 68, 88, 78, 75, 84, 79, 76, 59]}}, {"model": "roles_de_proyecto.roldeproyecto", "pk": 3, "fields": {"nombre": "Cliente", "descripcion": "Puede visualizar el proyecto", "permisos": [88, 76, 69, 59]}}, {"model": "roles_de_proyecto.permisosporfase", "pk": 1, "fields": {"fase": 1, "permisos": [80, 64, 87, 86, 81, 88, 85, 76, 83, 63]}}, {"model": "roles_de_proyecto.permisosporfase", "pk": 2, "fields": {"fase": 2, "permisos": [80, 64, 87, 86, 81, 88, 85, 76, 83, 63]}}, {"model": "roles_de_proyecto.permisosporfase", "pk": 3, "fields": {"fase": 1, "permisos": [74, 65, 67, 77, 82, 66, 68, 88, 78, 75, 84, 79, 76, 63]}}, {"model": "roles_de_proyecto.permisosporfase", "pk": 4, "fields": {"fase": 2, "permisos": [74, 65, 67, 77, 82, 66, 68, 88, 78, 75, 84, 79, 76, 63]}}, {"model": "roles_de_proyecto.permisosporfase", "pk": 5, "fields": {"fase": 1, "permisos": [80, 64, 87, 86, 81, 88, 85, 76, 83, 63]}}, {"model": "roles_de_proyecto.permisosporfase", "pk": 6, "fields": {"fase": 2, "permisos": [80, 64, 87, 86, 81, 88, 85, 76, 83, 63]}}, {"model": "roles_de_proyecto.permisosporfase", "pk": 7, "fields": {"fase": 3, "permisos": [80, 64, 87, 86, 81, 88, 85, 76, 83, 63]}}, {"model": "roles_de_proyecto.permisosporfase", "pk": 8, "fields": {"fase": 4, "permisos": [80, 64, 87, 86, 81, 88, 85, 76, 83, 63]}}, {"model": "roles_de_proyecto.permisosporfase", "pk": 9, "fields": {"fase": 3, "permisos": [74, 65, 67, 77, 82, 66, 68, 88, 78, 75, 84, 79, 76, 63]}}, {"model": "roles_de_proyecto.permisosporfase", "pk": 10, "fields": {"fase": 4, "permisos": [74, 65, 67, 77, 82, 66, 68, 88, 78, 75, 84, 79, 76, 63]}}, {"model": "roles_de_proyecto.permisosporfase", "pk": 11, "fields": {"fase": 5, "permisos": [74, 65, 67, 77, 82, 66, 68, 88, 78, 75, 84, 79, 76, 63]}}, {"model": "roles_de_proyecto.permisosporfase", "pk": 12, "fields": {"fase": 6, "permisos": [74, 65, 67, 77, 82, 66, 68, 88, 78, 75, 84, 79, 76, 63]}}, {"model": "roles_de_proyecto.permisosporfase", "pk": 13, "fields": {"fase": 7, "permisos": [74, 65, 67, 77, 82, 66, 68, 88, 78, 75, 84, 79, 76, 63]}}, {"model": "roles_de_proyecto.permisosporfase", "pk": 14, "fields": {"fase": 8, "permisos": [74, 65, 67, 77, 82, 66, 68, 88, 78, 75, 84, 79, 76, 63]}}, {"model": "roles_de_proyecto.permisosporfase", "pk": 15, "fields": {"fase": 5, "permisos": [80, 64, 87, 86, 81, 88, 85, 76, 83, 63]}}, {"model": "roles_de_proyecto.permisosporfase", "pk": 17, "fields": {"fase": 6, "permisos": [80, 64, 87, 86, 81, 88, 85, 76, 83, 63]}}, {"model": "roles_de_proyecto.permisosporfase", "pk": 19, "fields": {"fase": 7, "permisos": [80, 64, 87, 86, 81, 88, 85, 76, 83, 63]}}, {"model": "roles_de_proyecto.permisosporfase", "pk": 21, "fields": {"fase": 8, "permisos": [80, 64, 87, 86, 81, 88, 85, 76, 83, 63]}}, {"model": "roles_de_proyecto.permisosporfase", "pk": 23, "fields": {"fase": 5, "permisos": [80, 64, 87, 86, 81, 88, 85, 76, 83, 63]}}, {"model": "roles_de_proyecto.permisosporfase", "pk": 24, "fields": {"fase": 6, "permisos": [80, 64, 87, 86, 81, 88, 85, 76, 83, 63]}}, {"model": "roles_de_proyecto.permisosporfase", "pk": 25, "fields": {"fase": 7, "permisos": [80, 64, 87, 86, 81, 88, 85, 76, 83, 63]}}, {"model": "roles_de_proyecto.permisosporfase", "pk": 26, "fields": {"fase": 8, "permisos": [80, 64, 87, 86, 81, 88, 85, 76, 83, 63]}}, {"model": "roles_de_proyecto.permisosporfase", "pk": 27, "fields": {"fase": 9, "permisos": [80, 64, 87, 86, 81, 88, 85, 76, 83, 63]}}, {"model": "roles_de_proyecto.permisosporfase", "pk": 28, "fields": {"fase": 10, "permisos": [80, 64, 87, 86, 81, 88, 85, 76, 83, 63]}}, {"model": "roles_de_proyecto.permisosporfase", "pk": 29, "fields": {"fase": 11, "permisos": [80, 64, 87, 86, 81, 88, 85, 76, 83, 63]}}, {"model": "roles_de_proyecto.permisosporfase", "pk": 30, "fields": {"fase": 9, "permisos": [74, 65, 67, 77, 82, 66, 68, 88, 78, 75, 84, 79, 76, 63]}}, {"model": "roles_de_proyecto.permisosporfase", "pk": 31, "fields": {"fase": 10, "permisos": [74, 65, 67, 77, 82, 66, 68, 88, 78, 75, 84, 79, 76, 63]}}, {"model": "roles_de_proyecto.permisosporfase", "pk": 32, "fields": {"fase": 11, "permisos": [74, 65, 67, 77, 82, 66, 68, 88, 78, 75, 84, 79, 76, 63]}}, {"model": "roles_de_proyecto.permisosporfase", "pk": 33, "fields": {"fase": 9, "permisos": [80, 64, 87, 86, 81, 88, 85, 76, 83, 63]}}, {"model": "roles_de_proyecto.permisosporfase", "pk": 34, "fields": {"fase": 10, "permisos": [80, 64, 87, 86, 81, 88, 85, 76, 83, 63]}}, {"model": "roles_de_proyecto.permisosporfase", "pk": 35, "fields": {"fase": 11, "permisos": [80, 64, 87, 86, 81, 88, 85, 76, 83, 63]}}, {"model": "roles_de_proyecto.permisosporfase", "pk": 36, "fields": {"fase": 12, "permisos": [74, 65, 67, 77, 82, 66, 68, 88, 78, 75, 84, 79, 76, 63]}}, {"model": "roles_de_proyecto.permisosporfase", "pk": 37, "fields": {"fase": 13, "permisos": [74, 65, 67, 77, 82, 66, 68, 88, 78, 75, 84, 79, 76, 63]}}, {"model": "roles_de_proyecto.permisosporfase", "pk": 38, "fields": {"fase": 14, "permisos": [74, 65, 67, 77, 82, 66, 68, 88, 78, 75, 84, 79, 76, 63]}}, {"model": "roles_de_proyecto.permisosporfase", "pk": 39, "fields": {"fase": 12, "permisos": [80, 64, 87, 86, 81, 88, 85, 76, 83, 63]}}, {"model": "roles_de_proyecto.permisosporfase", "pk": 40, "fields": {"fase": 13, "permisos": [80, 64, 87, 86, 81, 88, 85, 76, 83, 63]}}, {"model": "roles_de_proyecto.permisosporfase", "pk": 41, "fields": {"fase": 14, "permisos": [80, 64, 87, 86, 81, 88, 85, 76, 83, 63]}}, {"model": "roles_de_proyecto.permisosporfase", "pk": 42, "fields": {"fase": 12, "permisos": [80, 64, 87, 86, 81, 88, 85, 76, 83, 63]}}, {"model": "roles_de_proyecto.permisosporfase", "pk": 43, "fields": {"fase": 13, "permisos": [80, 64, 87, 86, 81, 88, 85, 76, 83, 63]}}, {"model": "roles_de_proyecto.permisosporfase", "pk": 44, "fields": {"fase": 14, "permisos": [80, 64, 87, 86, 81, 88, 85, 76, 83, 63]}}, {"model": "roles_de_proyecto.permisosporfase", "pk": 45, "fields": {"fase": 12, "permisos": [88, 76, 63]}}, {"model": "roles_de_proyecto.permisosporfase", "pk": 46, "fields": {"fase": 13, "permisos": [88, 76, 63]}}, {"model": "roles_de_proyecto.permisosporfase", "pk": 47, "fields": {"fase": 14, "permisos": [88, 76, 63]}}, {"model": "roles_de_proyecto.permisosporfase", "pk": 48, "fields": {"fase": 15, "permisos": [80, 64, 87, 86, 81, 88, 85, 76, 63]}}, {"model": "roles_de_proyecto.permisosporfase", "pk": 49, "fields": {"fase": 16, "permisos": [80, 64, 87, 86, 81, 88, 85, 76, 83, 63]}}, {"model": "roles_de_proyecto.permisosporfase", "pk": 50, "fields": {"fase": 15, "permisos": [74, 65, 67, 77, 82, 66, 68, 88, 78, 75, 84, 79, 76, 63]}}, {"model": "roles_de_proyecto.permisosporfase", "pk": 51, "fields": {"fase": 16, "permisos": [74, 65, 67, 77, 82, 66, 68, 88, 78, 75, 84, 79, 76, 63]}}, {"model": "roles_de_proyecto.permisosporfase", "pk": 52, "fields": {"fase": 15, "permisos": [80, 64, 87, 86, 81, 88, 85, 76, 83, 63]}}, {"model": "roles_de_proyecto.permisosporfase", "pk": 53, "fields": {"fase": 16, "permisos": [80, 64, 87, 86, 81, 88, 85, 76, 83, 63]}}, {"model": "gestion_de_proyecto.proyecto", "pk": 1, "fields": {"nombre": "Gestor de Configuración de Software", "descripcion": "Un gestor de configuración de software", "gerente": 2, "creador": 1, "fecha_de_creacion": "2020-10-05T20:05:20.737Z", "estado": "Iniciado"}}, {"model": "gestion_de_proyecto.proyecto", "pk": 2, "fields": {"nombre": "Sistema de Inscripción", "descripcion": "Un sistema de inscripción para la Universidad Nacional de Asuncióm", "gerente": 3, "creador": 1, "fecha_de_creacion": "2020-10-05T20:06:35.694Z", "estado": "Iniciado"}}, {"model": "gestion_de_proyecto.proyecto", "pk": 3, "fields": {"nombre": "Sistema de predicción de focos de incendio", "descripcion": "Un sistema basado en machine learning que intenta predecir con cierta precisión la ubicación de focos de incendio en el Paraguay", "gerente": 5, "creador": 1, "fecha_de_creacion": "2020-10-06T14:29:08.516Z", "estado": "Cancelado"}}, {"model": "gestion_de_proyecto.proyecto", "pk": 4, "fields": {"nombre": "Sistema de evaluación de riesgo en un prestamo", "descripcion": "Sistema basado en machine learning que intenta evaluar el riesgo que conlleva otorgar un prestamo a un cliente.", "gerente": 4, "creador": 1, "fecha_de_creacion": "2020-10-06T14:30:57.881Z", "estado": "En Configuración"}}, {"model": "gestion_de_proyecto.proyecto", "pk": 5, "fields": {"nombre": "Controlador de temperatura de un DataWareHouse", "descripcion": "Sistema que busca controlar la temperatura de un datawarehouse para mantenerlo alrededor de una temperatura ideal.", "gerente": 5, "creador": 6, "fecha_de_creacion": "2020-10-13T22:19:27.386Z", "estado": "Finalizado"}}, {"model": "gestion_de_proyecto.proyecto", "pk": 6, "fields": {"nombre": "Detector de Fraude", "descripcion": "Sistema de deteccion de fraude en tareas de programación.", "gerente": 5, "creador": 6, "fecha_de_creacion": "2020-11-05T19:47:53.134Z", "estado": "Iniciado"}}, {"model": "gestion_de_proyecto.participante", "pk": 1, "fields": {"proyecto": 1, "usuario": 2, "rol": null, "permisos_por_fase": []}}, {"model": "gestion_de_proyecto.participante", "pk": 2, "fields": {"proyecto": 2, "usuario": 3, "rol": null, "permisos_por_fase": []}}, {"model": "gestion_de_proyecto.participante", "pk": 3, "fields": {"proyecto": 3, "usuario": 5, "rol": null, "permisos_por_fase": []}}, {"model": "gestion_de_proyecto.participante", "pk": 4, "fields": {"proyecto": 4, "usuario": 4, "rol": null, "permisos_por_fase": []}}, {"model": "gestion_de_proyecto.participante", "pk": 5, "fields": {"proyecto": 3, "usuario": 3, "rol": 1, "permisos_por_fase": [1, 2]}}, {"model": "gestion_de_proyecto.participante", "pk": 6, "fields": {"proyecto": 3, "usuario": 4, "rol": 2, "permisos_por_fase": [3, 4]}}, {"model": "gestion_de_proyecto.participante", "pk": 7, "fields": {"proyecto": 3, "usuario": 2, "rol": 1, "permisos_por_fase": [5, 6]}}, {"model": "gestion_de_proyecto.participante", "pk": 8, "fields": {"proyecto": 4, "usuario": 2, "rol": 1, "permisos_por_fase": [7, 8]}}, {"model": "gestion_de_proyecto.participante", "pk": 9, "fields": {"proyecto": 4, "usuario": 3, "rol": 2, "permisos_por_fase": [9, 10]}}, {"model": "gestion_de_proyecto.participante", "pk": 10, "fields": {"proyecto": 1, "usuario": 5, "rol": 2, "permisos_por_fase": [11, 12, 13, 14]}}, {"model": "gestion_de_proyecto.participante", "pk": 11, "fields": {"proyecto": 1, "usuario": 4, "rol": 1, "permisos_por_fase": [15, 17, 19, 21]}}, {"model": "gestion_de_proyecto.participante", "pk": 12, "fields": {"proyecto": 1, "usuario": 3, "rol": 1, "permisos_por_fase": [23, 24, 25, 26]}}, {"model": "gestion_de_proyecto.participante", "pk": 13, "fields": {"proyecto": 2, "usuario": 4, "rol": 1, "permisos_por_fase": [27, 28, 29]}}, {"model": "gestion_de_proyecto.participante", "pk": 14, "fields": {"proyecto": 2, "usuario": 5, "rol": 2, "permisos_por_fase": [30, 31, 32]}}, {"model": "gestion_de_proyecto.participante", "pk": 15, "fields": {"proyecto": 2, "usuario": 2, "rol": 1, "permisos_por_fase": [33, 34, 35]}}, {"model": "gestion_de_proyecto.participante", "pk": 16, "fields": {"proyecto": 5, "usuario": 5, "rol": null, "permisos_por_fase": []}}, {"model": "gestion_de_proyecto.participante", "pk": 17, "fields": {"proyecto": 5, "usuario": 4, "rol": 3, "permisos_por_fase": [45, 46, 47]}}, {"model": "gestion_de_proyecto.participante", "pk": 18, "fields": {"proyecto": 5, "usuario": 3, "rol": 1, "permisos_por_fase": [39, 40, 41]}}, {"model": "gestion_de_proyecto.participante", "pk": 19, "fields": {"proyecto": 5, "usuario": 2, "rol": 1, "permisos_por_fase": [42, 43, 44]}}, {"model": "gestion_de_proyecto.participante", "pk": 20, "fields": {"proyecto": 6, "usuario": 5, "rol": null, "permisos_por_fase": []}}, {"model": "gestion_de_proyecto.participante", "pk": 21, "fields": {"proyecto": 6, "usuario": 1, "rol": 1, "permisos_por_fase": [48, 49]}}, {"model": "gestion_de_proyecto.participante", "pk": 22, "fields": {"proyecto": 6, "usuario": 4, "rol": 2, "permisos_por_fase": [50, 51]}}, {"model": "gestion_de_proyecto.participante", "pk": 23, "fields": {"proyecto": 6, "usuario": 2, "rol": 1, "permisos_por_fase": [52, 53]}}, {"model": "gestion_de_proyecto.comite", "pk": 1, "fields": {"proyecto": 1, "miembros": [1, 10, 12]}}, {"model": "gestion_de_proyecto.comite", "pk": 2, "fields": {"proyecto": 2, "miembros": [13, 14, 15]}}, {"model": "gestion_de_proyecto.comite", "pk": 3, "fields": {"proyecto": 3, "miembros": [3, 5, 7]}}, {"model": "gestion_de_proyecto.comite", "pk": 4, "fields": {"proyecto": 4, "miembros": [4, 8, 9]}}, {"model": "gestion_de_proyecto.comite", "pk": 5, "fields": {"proyecto": 5, "miembros": [16, 17, 18]}}, {"model": "gestion_de_proyecto.comite", "pk": 6, "fields": {"proyecto": 6, "miembros": [20, 22, 23]}}, {"model": "gestion_de_fase.fase", "pk": 1, "fields": {"nombre": "Recoleccion de datos", "proyecto": 3, "descripcion": "Fase de recoleccíón de datos historicos", "fase_anterior": null, "fase_cerrada": false, "puede_cerrarse": false}}, {"model": "gestion_de_fase.fase", "pk": 2, "fields": {"nombre": "Implementación", "proyecto": 3, "descripcion": "Implementación del software", "fase_anterior": 1, "fase_cerrada": false, "puede_cerrarse": false}}, {"model": "gestion_de_fase.fase", "pk": 3, "fields": {"nombre": "Recoleccion de datos", "proyecto": 4, "descripcion": "Recoleccion de datos", "fase_anterior": null, "fase_cerrada": false, "puede_cerrarse": false}}, {"model": "gestion_de_fase.fase", "pk": 4, "fields": {"nombre": "Implementación", "proyecto": 4, "descripcion": "Implementación del software", "fase_anterior": 3, "fase_cerrada": false, "puede_cerrarse": false}}, {"model": "gestion_de_fase.fase", "pk": 5, "fields": {"nombre": "Analisis de requerimientos", "proyecto": 1, "descripcion": "Fase de Analisis", "fase_anterior": null, "fase_cerrada": false, "puede_cerrarse": false}}, {"model": "gestion_de_fase.fase", "pk": 6, "fields": {"nombre": "Diseño", "proyecto": 1, "descripcion": "Fase de diseño", "fase_anterior": 5, "fase_cerrada": false, "puede_cerrarse": false}}, {"model": "gestion_de_fase.fase", "pk": 7, "fields": {"nombre": "Desarrollo", "proyecto": 1, "descripcion": "Fase de desarrollo", "fase_anterior": 6, "fase_cerrada": false, "puede_cerrarse": false}}, {"model": "gestion_de_fase.fase", "pk": 8, "fields": {"nombre": "Pruebas", "proyecto": 1, "descripcion": "Fase de pruebas", "fase_anterior": 7, "fase_cerrada": false, "puede_cerrarse": false}}, {"model": "gestion_de_fase.fase", "pk": 9, "fields": {"nombre": "Diseño", "proyecto": 2, "descripcion": "Fase de diseño", "fase_anterior": null, "fase_cerrada": false, "puede_cerrarse": false}}, {"model": "gestion_de_fase.fase", "pk": 10, "fields": {"nombre": "Desarrollo", "proyecto": 2, "descripcion": "Fase de desarrollo", "fase_anterior": 9, "fase_cerrada": false, "puede_cerrarse": false}}, {"model": "gestion_de_fase.fase", "pk": 11, "fields": {"nombre": "Pruebas", "proyecto": 2, "descripcion": "Fase de pruebas", "fase_anterior": 10, "fase_cerrada": false, "puede_cerrarse": false}}, {"model": "gestion_de_fase.fase", "pk": 12, "fields": {"nombre": "Diseño", "proyecto": 5, "descripcion": "Fase de Diseño", "fase_anterior": null, "fase_cerrada": true, "puede_cerrarse": false}}, {"model": "gestion_de_fase.fase", "pk": 13, "fields": {"nombre": "Implementación", "proyecto": 5, "descripcion": "Fase de implementación", "fase_anterior": 12, "fase_cerrada": true, "puede_cerrarse": false}}, {"model": "gestion_de_fase.fase", "pk": 14, "fields": {"nombre": "Pruebas", "proyecto": 5, "descripcion": "Fase de pruebas", "fase_anterior": 13, "fase_cerrada": true, "puede_cerrarse": false}}, {"model": "gestion_de_fase.fase", "pk": 15, "fields": {"nombre": "Desarrollo", "proyecto": 6, "descripcion": "Desarrollo del sistema", "fase_anterior": null, "fase_cerrada": true, "puede_cerrarse": false}}, {"model": "gestion_de_fase.fase", "pk": 16, "fields": {"nombre": "Pruebas", "proyecto": 6, "descripcion": "Pruebas del sistema", "fase_anterior": 15, "fase_cerrada": false, "puede_cerrarse": false}}, {"model": "gestion_de_tipo_de_item.tipodeitem", "pk": 1, "fields": {"nombre": "Datos", "descripcion": "Datos recompilados.", "prefijo": "DT", "creador": 4, "fase": 1, "fecha_creacion": "2020-10-06T15:03:11.157Z"}}, {"model": "gestion_de_tipo_de_item.tipodeitem", "pk": 4, "fields": {"nombre": "Requerimiento no Funcional", "descripcion": "Descripción de un requerimiento no funcional", "prefijo": "RNF", "creador": 5, "fase": 5, "fecha_creacion": "2020-10-06T21:18:45.233Z"}}, {"model": "gestion_de_tipo_de_item.tipodeitem", "pk": 7, "fields": {"nombre": "Caso de uso", "descripcion": "Descripción de un caso de uso", "prefijo": "CU", "creador": 5, "fase": 6, "fecha_creacion": "2020-10-06T21:22:46.104Z"}}, {"model": "gestion_de_tipo_de_item.tipodeitem", "pk": 8, "fields": {"nombre": "Clase", "descripcion": "Especificación de una clase", "prefijo": "CL", "creador": 5, "fase": 6, "fecha_creacion": "2020-10-06T21:32:01.393Z"}}, {"model": "gestion_de_tipo_de_item.tipodeitem", "pk": 10, "fields": {"nombre": "Codigo Fuente", "descripcion": "Codigo fuente", "prefijo": "SRC", "creador": 5, "fase": 7, "fecha_creacion": "2020-10-06T22:38:23.990Z"}}, {"model": "gestion_de_tipo_de_item.tipodeitem", "pk": 11, "fields": {"nombre": "Modulo", "descripcion": "Especificación de un modulo del sistema", "prefijo": "M", "creador": 5, "fase": 7, "fecha_creacion": "2020-10-06T22:38:56.361Z"}}, {"model": "gestion_de_tipo_de_item.tipodeitem", "pk": 12, "fields": {"nombre": "Requerimiento Funcional", "descripcion": "Descripción de un requerimiento funcional", "prefijo": "RF", "creador": 5, "fase": 5, "fecha_creacion": "2020-10-07T13:44:31.978Z"}}, {"model": "gestion_de_tipo_de_item.tipodeitem", "pk": 13, "fields": {"nombre": "Prueba unitaria", "descripcion": "Descripción de los parametros y resultados esperados de una prueba unitaria.", "prefijo": "PU", "creador": 5, "fase": 8, "fecha_creacion": "2020-10-08T19:55:51.249Z"}}, {"model": "gestion_de_tipo_de_item.tipodeitem", "pk": 14, "fields": {"nombre": "Prueba de integración", "descripcion": "Especificación de una prueba de integración", "prefijo": "PI", "creador": 5, "fase": 8, "fecha_creacion": "2020-10-08T19:56:51.613Z"}}, {"model": "gestion_de_tipo_de_item.tipodeitem", "pk": 15, "fields": {"nombre": "Requerimiento Funcional", "descripcion": "Descripción de un requerimiento funcional", "prefijo": "RF", "creador": 3, "fase": 9, "fecha_creacion": "2020-10-08T20:50:23.319Z"}}, {"model": "gestion_de_tipo_de_item.tipodeitem", "pk": 16, "fields": {"nombre": "Requerimiento no Funcional", "descripcion": "Descripción de un requerimiento no funcional", "prefijo": "RNF", "creador": 3, "fase": 9, "fecha_creacion": "2020-10-08T20:54:44.053Z"}}, {"model": "gestion_de_tipo_de_item.tipodeitem", "pk": 17, "fields": {"nombre": "Caso de uso", "descripcion": "Descripción de un caso de uso", "prefijo": "CU", "creador": 3, "fase": 10, "fecha_creacion": "2020-10-08T20:55:24.768Z"}}, {"model": "gestion_de_tipo_de_item.tipodeitem", "pk": 18, "fields": {"nombre": "Clase", "descripcion": "Especificación de una clase", "prefijo": "CL", "creador": 3, "fase": 10, "fecha_creacion": "2020-10-08T20:55:34.119Z"}}, {"model": "gestion_de_tipo_de_item.tipodeitem", "pk": 19, "fields": {"nombre": "Prueba unitaria", "descripcion": "Descripción de los parametros y resultados esperados de una prueba unitaria.", "prefijo": "PU", "creador": 3, "fase": 11, "fecha_creacion": "2020-10-08T20:57:04.203Z"}}, {"model": "gestion_de_tipo_de_item.tipodeitem", "pk": 20, "fields": {"nombre": "Prueba de integración", "descripcion": "Especificación de una prueba de integración", "prefijo": "PI", "creador": 3, "fase": 11, "fecha_creacion": "2020-10-08T20:57:14.781Z"}}, {"model": "gestion_de_tipo_de_item.tipodeitem", "pk": 21, "fields": {"nombre": "Datos", "descripcion": "Datos recompilados.", "prefijo": "DT", "creador": 5, "fase": 12, "fecha_creacion": "2020-10-13T22:31:25.454Z"}}, {"model": "gestion_de_tipo_de_item.tipodeitem", "pk": 22, "fields": {"nombre": "Requerimiento no Funcional", "descripcion": "Descripción de un requerimiento no funcional", "prefijo": "RNF", "creador": 5, "fase": 12, "fecha_creacion": "2020-10-13T22:31:41.489Z"}}, {"model": "gestion_de_tipo_de_item.tipodeitem", "pk": 23, "fields": {"nombre": "Requerimiento Funcional", "descripcion": "Descripción de un requerimiento funcional", "prefijo": "RF", "creador": 5, "fase": 12, "fecha_creacion": "2020-10-13T22:31:50.187Z"}}, {"model": "gestion_de_tipo_de_item.tipodeitem", "pk": 24, "fields": {"nombre": "Caso de uso", "descripcion": "Descripción de un caso de uso", "prefijo": "CU", "creador": 5, "fase": 13, "fecha_creacion": "2020-10-13T22:32:24.146Z"}}, {"model": "gestion_de_tipo_de_item.tipodeitem", "pk": 25, "fields": {"nombre": "Clase", "descripcion": "Especificación de una clase", "prefijo": "CL", "creador": 5, "fase": 13, "fecha_creacion": "2020-10-13T22:32:34.631Z"}}, {"model": "gestion_de_tipo_de_item.tipodeitem", "pk": 26, "fields": {"nombre": "Prueba unitaria", "descripcion": "Descripción de los parametros y resultados esperados de una prueba unitaria.", "prefijo": "PU", "creador": 5, "fase": 14, "fecha_creacion": "2020-10-13T22:36:44.387Z"}}, {"model": "gestion_de_tipo_de_item.tipodeitem", "pk": 27, "fields": {"nombre": "Prueba de integración", "descripcion": "Especificación de una prueba de integración", "prefijo": "PI", "creador": 5, "fase": 14, "fecha_creacion": "2020-10-13T22:36:59.337Z"}}, {"model": "gestion_de_tipo_de_item.tipodeitem", "pk": 28, "fields": {"nombre": "Modulo", "descripcion": "Especificación de un modulo del sistema", "prefijo": "M", "creador": 4, "fase": 15, "fecha_creacion": "2020-11-05T20:03:02.603Z"}}, {"model": "gestion_de_tipo_de_item.tipodeitem", "pk": 29, "fields": {"nombre": "Prueba unitaria", "descripcion": "Descripción de los parametros y resultados esperados de una prueba unitaria.", "prefijo": "PU", "creador": 4, "fase": 16, "fecha_creacion": "2020-11-05T20:07:05.837Z"}}, {"model": "gestion_de_tipo_de_item.atributobinario", "pk": 1, "fields": {"nombre": "Archivo de datos", "requerido": false, "max_tamaño": 200, "tipo_de_item": 1}}, {"model": "gestion_de_tipo_de_item.atributobinario", "pk": 3, "fields": {"nombre": "Especificación del requerimiento", "requerido": false, "max_tamaño": 50, "tipo_de_item": 4}}, {"model": "gestion_de_tipo_de_item.atributobinario", "pk": 5, "fields": {"nombre": "Especificación", "requerido": false, "max_tamaño": 50, "tipo_de_item": 7}}, {"model": "gestion_de_tipo_de_item.atributobinario", "pk": 6, "fields": {"nombre": "Diagrama", "requerido": false, "max_tamaño": 50, "tipo_de_item": 7}}, {"model": "gestion_de_tipo_de_item.atributobinario", "pk": 7, "fields": {"nombre": "Especificación de la clase", "requerido": false, "max_tamaño": 20, "tipo_de_item": 8}}, {"model": "gestion_de_tipo_de_item.atributobinario", "pk": 8, "fields": {"nombre": "Archivo", "requerido": false, "max_tamaño": 20, "tipo_de_item": 10}}, {"model": "gestion_de_tipo_de_item.atributobinario", "pk": 9, "fields": {"nombre": "Especificación del requerimiento", "requerido": false, "max_tamaño": 50, "tipo_de_item": 12}}, {"model": "gestion_de_tipo_de_item.atributobinario", "pk": 10, "fields": {"nombre": "Especificación del requerimiento", "requerido": false, "max_tamaño": 50, "tipo_de_item": 15}}, {"model": "gestion_de_tipo_de_item.atributobinario", "pk": 11, "fields": {"nombre": "Especificación del requerimiento", "requerido": false, "max_tamaño": 50, "tipo_de_item": 16}}, {"model": "gestion_de_tipo_de_item.atributobinario", "pk": 12, "fields": {"nombre": "Especificación", "requerido": false, "max_tamaño": 50, "tipo_de_item": 17}}, {"model": "gestion_de_tipo_de_item.atributobinario", "pk": 13, "fields": {"nombre": "Diagrama", "requerido": false, "max_tamaño": 50, "tipo_de_item": 17}}, {"model": "gestion_de_tipo_de_item.atributobinario", "pk": 14, "fields": {"nombre": "Especificación de la clase", "requerido": false, "max_tamaño": 20, "tipo_de_item": 18}}, {"model": "gestion_de_tipo_de_item.atributobinario", "pk": 15, "fields": {"nombre": "Archivo de datos", "requerido": false, "max_tamaño": 200, "tipo_de_item": 21}}, {"model": "gestion_de_tipo_de_item.atributobinario", "pk": 16, "fields": {"nombre": "Especificación del requerimiento", "requerido": false, "max_tamaño": 50, "tipo_de_item": 22}}, {"model": "gestion_de_tipo_de_item.atributobinario", "pk": 17, "fields": {"nombre": "Especificación del requerimiento", "requerido": false, "max_tamaño": 50, "tipo_de_item": 23}}, {"model": "gestion_de_tipo_de_item.atributobinario", "pk": 18, "fields": {"nombre": "Especificación", "requerido": false, "max_tamaño": 50, "tipo_de_item": 24}}, {"model": "gestion_de_tipo_de_item.atributobinario", "pk": 19, "fields": {"nombre": "Diagrama", "requerido": false, "max_tamaño": 50, "tipo_de_item": 24}}, {"model": "gestion_de_tipo_de_item.atributobinario", "pk": 20, "fields": {"nombre": "Especificación de la clase", "requerido": false, "max_tamaño": 20, "tipo_de_item": 25}}, {"model": "gestion_de_tipo_de_item.atributobooleano", "pk": 1, "fields": {"nombre": "Perteneciente a Producción", "requerido": false, "tipo_de_item": 11}}, {"model": "gestion_de_tipo_de_item.atributobooleano", "pk": 2, "fields": {"nombre": "Perteneciente a Producción", "requerido": false, "tipo_de_item": 28}}, {"model": "gestion_de_tipo_de_item.atributonumerico", "pk": 1, "fields": {"nombre": "Numero de parametros", "requerido": true, "max_digitos": 2, "max_decimales": 0, "tipo_de_item": 13}}, {"model": "gestion_de_tipo_de_item.atributonumerico", "pk": 2, "fields": {"nombre": "Cantidad de parametros", "requerido": true, "max_digitos": 2, "max_decimales": 0, "tipo_de_item": 14}}, {"model": "gestion_de_tipo_de_item.atributonumerico", "pk": 3, "fields": {"nombre": "Cantidad de entidades a integrar", "requerido": true, "max_digitos": 2, "max_decimales": 0, "tipo_de_item": 14}}, {"model": "gestion_de_tipo_de_item.atributonumerico", "pk": 4, "fields": {"nombre": "Numero de parametros", "requerido": true, "max_digitos": 2, "max_decimales": 0, "tipo_de_item": 19}}, {"model": "gestion_de_tipo_de_item.atributonumerico", "pk": 5, "fields": {"nombre": "Cantidad de parametros", "requerido": true, "max_digitos": 2, "max_decimales": 0, "tipo_de_item": 20}}, {"model": "gestion_de_tipo_de_item.atributonumerico", "pk": 6, "fields": {"nombre": "Cantidad de entidades a integrar", "requerido": true, "max_digitos": 2, "max_decimales": 0, "tipo_de_item": 20}}, {"model": "gestion_de_tipo_de_item.atributonumerico", "pk": 7, "fields": {"nombre": "Numero de parametros", "requerido": true, "max_digitos": 2, "max_decimales": 0, "tipo_de_item": 26}}, {"model": "gestion_de_tipo_de_item.atributonumerico", "pk": 8, "fields": {"nombre": "Cantidad de parametros", "requerido": true, "max_digitos": 2, "max_decimales": 0, "tipo_de_item": 27}}, {"model": "gestion_de_tipo_de_item.atributonumerico", "pk": 9, "fields": {"nombre": "Cantidad de entidades a integrar", "requerido": true, "max_digitos": 2, "max_decimales": 0, "tipo_de_item": 27}}, {"model": "gestion_de_tipo_de_item.atributonumerico", "pk": 10, "fields": {"nombre": "Numero de parametros", "requerido": true, "max_digitos": 2, "max_decimales": 0, "tipo_de_item": 29}}, {"model": "gestion_de_tipo_de_item.atributofecha", "pk": 3, "fields": {"nombre": "Fecha", "requerido": true, "tipo_de_item": 7}}, {"model": "gestion_de_tipo_de_item.atributofecha", "pk": 4, "fields": {"nombre": "Fecha", "requerido": true, "tipo_de_item": 17}}, {"model": "gestion_de_tipo_de_item.atributofecha", "pk": 5, "fields": {"nombre": "Fecha", "requerido": true, "tipo_de_item": 24}}, {"model": "gestion_de_item.item", "pk": 1, "fields": {"tipo_de_item": 1, "estado": "Aprobado", "codigo": "DT_1", "version": 1, "encargado_de_modificar": null, "cambio_necesario": "", "estado_anterior": ""}}, {"model": "gestion_de_item.item", "pk": 2, "fields": {"tipo_de_item": 1, "estado": "No Aprobado", "codigo": "DT_2", "version": 3, "encargado_de_modificar": null, "cambio_necesario": "", "estado_anterior": ""}}, {"model": "gestion_de_item.item", "pk": 3, "fields": {"tipo_de_item": 12, "estado": "En Linea Base", "codigo": "RF_1", "version": 4, "encargado_de_modificar": null, "cambio_necesario": "", "estado_anterior": ""}}, {"model": "gestion_de_item.item", "pk": 4, "fields": {"tipo_de_item": 12, "estado": "En Linea Base", "codigo": "RF_2", "version": 6, "encargado_de_modificar": null, "cambio_necesario": "", "estado_anterior": ""}}, {"model": "gestion_de_item.item", "pk": 5, "fields": {"tipo_de_item": 4, "estado": "En Linea Base", "codigo": "RNF_1", "version": 7, "encargado_de_modificar": null, "cambio_necesario": "", "estado_anterior": ""}}, {"model": "gestion_de_item.item", "pk": 6, "fields": {"tipo_de_item": 4, "estado": "En Linea Base", "codigo": "RNF_2", "version": 8, "encargado_de_modificar": null, "cambio_necesario": "", "estado_anterior": ""}}, {"model": "gestion_de_item.item", "pk": 7, "fields": {"tipo_de_item": 7, "estado": "En Linea Base", "codigo": "CU_1", "version": 14, "encargado_de_modificar": null, "cambio_necesario": "", "estado_anterior": ""}}, {"model": "gestion_de_item.item", "pk": 8, "fields": {"tipo_de_item": 7, "estado": "En Linea Base", "codigo": "CU_2", "version": 15, "encargado_de_modificar": null, "cambio_necesario": "", "estado_anterior": ""}}, {"model": "gestion_de_item.item", "pk": 9, "fields": {"tipo_de_item": 4, "estado": "En Linea Base", "codigo": "RNF_3", "version": 12, "encargado_de_modificar": null, "cambio_necesario": "", "estado_anterior": ""}}, {"model": "gestion_de_item.item", "pk": 10, "fields": {"tipo_de_item": 8, "estado": "No Aprobado", "codigo": "CL_1", "version": 17, "encargado_de_modificar": null, "cambio_necesario": "", "estado_anterior": ""}}, {"model": "gestion_de_item.item", "pk": 11, "fields": {"tipo_de_item": 11, "estado": "En Linea Base", "codigo": "M_1", "version": 19, "encargado_de_modificar": null, "cambio_necesario": "", "estado_anterior": ""}}, {"model": "gestion_de_item.item", "pk": 12, "fields": {"tipo_de_item": 10, "estado": "No Aprobado", "codigo": "SRC_1", "version": 20, "encargado_de_modificar": null, "cambio_necesario": "", "estado_anterior": ""}}, {"model": "gestion_de_item.item", "pk": 13, "fields": {"tipo_de_item": 8, "estado": "Eliminado", "codigo": "CL_2", "version": 21, "encargado_de_modificar": null, "cambio_necesario": "", "estado_anterior": ""}}, {"model": "gestion_de_item.item", "pk": 14, "fields": {"tipo_de_item": 15, "estado": "En Linea Base", "codigo": "RF_1", "version": 22, "encargado_de_modificar": null, "cambio_necesario": "", "estado_anterior": ""}}, {"model": "gestion_de_item.item", "pk": 15, "fields": {"tipo_de_item": 15, "estado": "Aprobado", "codigo": "RF_2", "version": 25, "encargado_de_modificar": null, "cambio_necesario": "", "estado_anterior": ""}}, {"model": "gestion_de_item.item", "pk": 16, "fields": {"tipo_de_item": 16, "estado": "Aprobado", "codigo": "RNF_1", "version": 24, "encargado_de_modificar": null, "cambio_necesario": "", "estado_anterior": ""}}, {"model": "gestion_de_item.item", "pk": 17, "fields": {"tipo_de_item": 16, "estado": "En Linea Base", "codigo": "RNF_2", "version": 26, "encargado_de_modificar": null, "cambio_necesario": "", "estado_anterior": ""}}, {"model": "gestion_de_item.item", "pk": 18, "fields": {"tipo_de_item": 16, "estado": "En Linea Base", "codigo": "RNF_3", "version": 28, "encargado_de_modificar": null, "cambio_necesario": "", "estado_anterior": ""}}, {"model": "gestion_de_item.item", "pk": 19, "fields": {"tipo_de_item": 17, "estado": "En Linea Base", "codigo": "CU_1", "version": 29, "encargado_de_modificar": null, "cambio_necesario": "", "estado_anterior": ""}}, {"model": "gestion_de_item.item", "pk": 20, "fields": {"tipo_de_item": 17, "estado": "En Linea Base", "codigo": "CU_2", "version": 30, "encargado_de_modificar": null, "cambio_necesario": "", "estado_anterior": ""}}, {"model": "gestion_de_item.item", "pk": 21, "fields": {"tipo_de_item": 18, "estado": "En Linea Base", "codigo": "CL_1", "version": 31, "encargado_de_modificar": null, "cambio_necesario": "", "estado_anterior": ""}}, {"model": "gestion_de_item.item", "pk": 22, "fields": {"tipo_de_item": 19, "estado": "En Linea Base", "codigo": "PU_1", "version": 33, "encargado_de_modificar": null, "cambio_necesario": "", "estado_anterior": ""}}, {"model": "gestion_de_item.item", "pk": 23, "fields": {"tipo_de_item": 19, "estado": "No Aprobado", "codigo": "PU_2", "version": 34, "encargado_de_modificar": null, "cambio_necesario": "", "estado_anterior": ""}}, {"model": "gestion_de_item.item", "pk": 24, "fields": {"tipo_de_item": 21, "estado": "En Linea Base", "codigo": "DT_1", "version": 36, "encargado_de_modificar": null, "cambio_necesario": "", "estado_anterior": "Listo para su aprobación"}}, {"model": "gestion_de_item.item", "pk": 25, "fields": {"tipo_de_item": 23, "estado": "En Linea Base", "codigo": "RF_1", "version": 39, "encargado_de_modificar": null, "cambio_necesario": "", "estado_anterior": "Listo para su aprobación"}}, {"model": "gestion_de_item.item", "pk": 26, "fields": {"tipo_de_item": 22, "estado": "En Linea Base", "codigo": "RNF_1", "version": 38, "encargado_de_modificar": null, "cambio_necesario": "", "estado_anterior": "Listo para su aprobación"}}, {"model": "gestion_de_item.item", "pk": 27, "fields": {"tipo_de_item": 22, "estado": "En Linea Base", "codigo": "RNF_2", "version": 40, "encargado_de_modificar": null, "cambio_necesario": "", "estado_anterior": "Listo para su aprobación"}}, {"model": "gestion_de_item.item", "pk": 28, "fields": {"tipo_de_item": 24, "estado": "En Linea Base", "codigo": "CU_1", "version": 41, "encargado_de_modificar": null, "cambio_necesario": "", "estado_anterior": "Listo para su aprobación"}}, {"model": "gestion_de_item.item", "pk": 29, "fields": {"tipo_de_item": 25, "estado": "En Linea Base", "codigo": "CL_1", "version": 45, "encargado_de_modificar": null, "cambio_necesario": "", "estado_anterior": "Listo para su aprobación"}}, {"model": "gestion_de_item.item", "pk": 30, "fields": {"tipo_de_item": 25, "estado": "En Linea Base", "codigo": "CL_2", "version": 43, "encargado_de_modificar": null, "cambio_necesario": "", "estado_anterior": "Listo para su aprobación"}}, {"model": "gestion_de_item.item", "pk": 31, "fields": {"tipo_de_item": 26, "estado": "En Linea Base", "codigo": "PU_1", "version": 46, "encargado_de_modificar": null, "cambio_necesario": "", "estado_anterior": "Listo para su aprobación"}}, {"model": "gestion_de_item.item", "pk": 32, "fields": {"tipo_de_item": 26, "estado": "En Linea Base", "codigo": "PU_2", "version": 47, "encargado_de_modificar": null, "cambio_necesario": "", "estado_anterior": "Listo para su aprobación"}}, {"model": "gestion_de_item.item", "pk": 33, "fields": {"tipo_de_item": 27, "estado": "En Linea Base", "codigo": "PI_1", "version": 48, "encargado_de_modificar": null, "cambio_necesario": "", "estado_anterior": "Listo para su aprobación"}}, {"model": "gestion_de_item.item", "pk": 34, "fields": {"tipo_de_item": 24, "estado": "En Linea Base", "codigo": "CU_2", "version": 49, "encargado_de_modificar": null, "cambio_necesario": "", "estado_anterior": "Listo para su aprobación"}}, {"model": "gestion_de_item.item", "pk": 35, "fields": {"tipo_de_item": 26, "estado": "En Linea Base", "codigo": "PU_3", "version": 50, "encargado_de_modificar": null, "cambio_necesario": "", "estado_anterior": "Listo para su aprobación"}}, {"model": "gestion_de_item.item", "pk": 36, "fields": {"tipo_de_item": 28, "estado": "En Linea Base", "codigo": "M_1", "version": 51, "encargado_de_modificar": null, "cambio_necesario": "", "estado_anterior": "Listo para su aprobación"}}, {"model": "gestion_de_item.item", "pk": 37, "fields": {"tipo_de_item": 28, "estado": "En Linea Base", "codigo": "M_2", "version": 52, "encargado_de_modificar": null, "cambio_necesario": "", "estado_anterior": "Listo para su aprobación"}}, {"model": "gestion_de_item.item", "pk": 38, "fields": {"tipo_de_item": 28, "estado": "En Linea Base", "codigo": "M_3", "version": 56, "encargado_de_modificar": null, "cambio_necesario": "", "estado_anterior": "Listo para su aprobación"}}, {"model": "gestion_de_item.item", "pk": 39, "fields": {"tipo_de_item": 29, "estado": "En Linea Base", "codigo": "PU_1", "version": 57, "encargado_de_modificar": null, "cambio_necesario": "", "estado_anterior": "Listo para su aprobación"}}, {"model": "gestion_de_item.item", "pk": 40, "fields": {"tipo_de_item": 29, "estado": "En Linea Base", "codigo": "PU_2", "version": 58, "encargado_de_modificar": null, "cambio_necesario": "", "estado_anterior": "Listo para su aprobación"}}, {"model": "gestion_de_item.item", "pk": 41, "fields": {"tipo_de_item": 29, "estado": "En Linea Base", "codigo": "PU_3", "version": 59, "encargado_de_modificar": null, "cambio_necesario": "", "estado_anterior": "Listo para su aprobación"}}, {"model": "gestion_de_item.versionitem", "pk": 1, "fields": {"item": 1, "nombre": "Focos de incendio 2019", "descripcion": "Focos de incendio del paraguay en el anho 2019", "version": 1, "peso": 5, "antecesores": [], "padres": []}}, {"model": "gestion_de_item.versionitem", "pk": 2, "fields": {"item": 2, "nombre": "Focos de incendio 2018", "descripcion": "Focos de incendio del anho 2018", "version": 1, "peso": 4, "antecesores": [], "padres": []}}, {"model": "gestion_de_item.versionitem", "pk": 3, "fields": {"item": 2, "nombre": "Focos de incendio 2018", "descripcion": "Focos de incendio del anho 2018", "version": 2, "peso": 2, "antecesores": [], "padres": []}}, {"model": "gestion_de_item.versionitem", "pk": 4, "fields": {"item": 3, "nombre": "Registro de usuarios", "descripcion": "Descripción de los requerimientos para el registro de un nuevo usuario al sistema", "version": 1, "peso": 5, "antecesores": [], "padres": []}}, {"model": "gestion_de_item.versionitem", "pk": 5, "fields": {"item": 4, "nombre": "Inicio de sesión", "descripcion": "Especificación del requerimiento de inicio de sesión.", "version": 1, "peso": 3, "antecesores": [], "padres": []}}, {"model": "gestion_de_item.versionitem", "pk": 6, "fields": {"item": 4, "nombre": "Inicio de sesión", "descripcion": "Especificación del requerimiento de inicio de sesión.", "version": 2, "peso": 3, "antecesores": [], "padres": [3]}}, {"model": "gestion_de_item.versionitem", "pk": 7, "fields": {"item": 5, "nombre": "Accesibilidad del sistema", "descripcion": "El sistema debe ser accesible para personas con problemas de vista permitiendo modificar el tamaño de las letras, su color, fuente y el color del background.", "version": 1, "peso": 6, "antecesores": [], "padres": []}}, {"model": "gestion_de_item.versionitem", "pk": 8, "fields": {"item": 6, "nombre": "Multiplataforma", "descripcion": "Debe ser posible usar el sistema en los sistemas operativos de windows y Linux", "version": 1, "peso": 4, "antecesores": [], "padres": []}}, {"model": "gestion_de_item.versionitem", "pk": 9, "fields": {"item": 7, "nombre": "Registro de usuarios", "descripcion": "Descripción de los pasos para registrar un usuario.", "version": 1, "peso": 6, "antecesores": [3], "padres": []}}, {"model": "gestion_de_item.versionitem", "pk": 10, "fields": {"item": 8, "nombre": "Inicio de sesión", "descripcion": "Descripción del caso de uso de inicio de sesión", "version": 1, "peso": 5, "antecesores": [4], "padres": []}}, {"model": "gestion_de_item.versionitem", "pk": 11, "fields": {"item": 8, "nombre": "Inicio de sesión", "descripcion": "Descripción del caso de uso de inicio de sesión", "version": 2, "peso": 5, "antecesores": [4], "padres": [7]}}, {"model": "gestion_de_item.versionitem", "pk": 12, "fields": {"item": 9, "nombre": "Tiempo de envio correo de confimación de registro", "descripcion": "Especificaciones de las prestaciones necesarias a la hora de enviar el correo de confirmación de registro", "version": 1, "peso": 2, "antecesores": [], "padres": [3]}}, {"model": "gestion_de_item.versionitem", "pk": 13, "fields": {"item": 8, "nombre": "Inicio de sesión", "descripcion": "Descripción del caso de uso de inicio de sesión", "version": 3, "peso": 5, "antecesores": [4], "padres": []}}, {"model": "gestion_de_item.versionitem", "pk": 14, "fields": {"item": 7, "nombre": "Registro de usuarios", "descripcion": "Descripción de los pasos para registrar un usuario.", "version": 2, "peso": 6, "antecesores": [3, 9], "padres": []}}, {"model": "gestion_de_item.versionitem", "pk": 15, "fields": {"item": 8, "nombre": "Inicio de sesión", "descripcion": "Descripción del caso de uso de inicio de sesión", "version": 4, "peso": 5, "antecesores": [4], "padres": [7]}}, {"model": "gestion_de_item.versionitem", "pk": 16, "fields": {"item": 10, "nombre": "Usuario", "descripcion": "Especificación de la clase usuario", "version": 1, "peso": 7, "antecesores": [4], "padres": []}}, {"model": "gestion_de_item.versionitem", "pk": 17, "fields": {"item": 10, "nombre": "Usuario", "descripcion": "Especificación de la clase usuario", "version": 2, "peso": 7, "antecesores": [4], "padres": [7]}}, {"model": "gestion_de_item.versionitem", "pk": 18, "fields": {"item": 11, "nombre": "Modulo de Registro e Inicio de Sesión", "descripcion": "Especificación del modulo que comprende el registro e inicio de sesión", "version": 1, "peso": 10, "antecesores": [7], "padres": []}}, {"model": "gestion_de_item.versionitem", "pk": 19, "fields": {"item": 11, "nombre": "Modulo de Registro e Inicio de Sesión", "descripcion": "Especificación del modulo que comprende el registro e inicio de sesión", "version": 2, "peso": 10, "antecesores": [7, 8], "padres": []}}, {"model": "gestion_de_item.versionitem", "pk": 20, "fields": {"item": 12, "nombre": "Validación de inicio de sesión", "descripcion": "Codigo de valida si el usuario que intenta iniciar sesión se encuentra registrado en el sistema.", "version": 1, "peso": 8, "antecesores": [], "padres": [11]}}, {"model": "gestion_de_item.versionitem", "pk": 21, "fields": {"item": 13, "nombre": "Inicio de sesión", "descripcion": "Clase para el inicio de sesión", "version": 1, "peso": 4, "antecesores": [], "padres": [8]}}, {"model": "gestion_de_item.versionitem", "pk": 22, "fields": {"item": 14, "nombre": "Registro de usuarios", "descripcion": "Registro de usuarios", "version": 1, "peso": 5, "antecesores": [], "padres": []}}, {"model": "gestion_de_item.versionitem", "pk": 23, "fields": {"item": 15, "nombre": "Inicio de sesión", "descripcion": "Inicio de sesión", "version": 1, "peso": 4, "antecesores": [], "padres": []}}, {"model": "gestion_de_item.versionitem", "pk": 24, "fields": {"item": 16, "nombre": "Accesibilidad del sistema", "descripcion": "Accesibilidad del sistema", "version": 1, "peso": 3, "antecesores": [], "padres": []}}, {"model": "gestion_de_item.versionitem", "pk": 25, "fields": {"item": 15, "nombre": "Inicio de sesión", "descripcion": "Inicio de sesión", "version": 2, "peso": 4, "antecesores": [], "padres": [14]}}, {"model": "gestion_de_item.versionitem", "pk": 26, "fields": {"item": 17, "nombre": "Tiempo de envio correo de confimación de registro", "descripcion": "Especificación del tiempo aceptable", "version": 1, "peso": 3, "antecesores": [], "padres": [16]}}, {"model": "gestion_de_item.versionitem", "pk": 27, "fields": {"item": 18, "nombre": "Tiempo de inicio de sesión", "descripcion": "Tiempo de inicio de sesión", "version": 1, "peso": 5, "antecesores": [], "padres": []}}, {"model": "gestion_de_item.versionitem", "pk": 28, "fields": {"item": 18, "nombre": "Tiempo de inicio de sesión", "descripcion": "Tiempo de inicio de sesión", "version": 2, "peso": 5, "antecesores": [], "padres": [15]}}, {"model": "gestion_de_item.versionitem", "pk": 29, "fields": {"item": 19, "nombre": "Registrar usuarios", "descripcion": "Registro de usuarios", "version": 1, "peso": 3, "antecesores": [14], "padres": []}}, {"model": "gestion_de_item.versionitem", "pk": 30, "fields": {"item": 20, "nombre": "Inicio de sesión", "descripcion": "Inicio de sesión", "version": 1, "peso": 7, "antecesores": [18], "padres": []}}, {"model": "gestion_de_item.versionitem", "pk": 31, "fields": {"item": 21, "nombre": "Usuario", "descripcion": "Clase usuario", "version": 1, "peso": 10, "antecesores": [17], "padres": []}}, {"model": "gestion_de_item.versionitem", "pk": 32, "fields": {"item": 22, "nombre": "Prueba de registro", "descripcion": "Prueba de registro", "version": 1, "peso": 4, "antecesores": [19], "padres": []}}, {"model": "gestion_de_item.versionitem", "pk": 33, "fields": {"item": 22, "nombre": "Prueba de registro", "descripcion": "Prueba de registro", "version": 2, "peso": 4, "antecesores": [19, 21], "padres": []}}, {"model": "gestion_de_item.versionitem", "pk": 34, "fields": {"item": 23, "nombre": "Prueba de inicio de sesión", "descripcion": "inicio de sesión", "version": 1, "peso": 5, "antecesores": [], "padres": [22]}}, {"model": "gestion_de_item.versionitem", "pk": 35, "fields": {"item": 23, "nombre": "Prueba de inicio de sesión", "descripcion": "inicio de sesión", "version": 2, "peso": 5, "antecesores": [20], "padres": [22]}}, {"model": "gestion_de_item.versionitem", "pk": 36, "fields": {"item": 24, "nombre": "Mediciones de temperatuta", "descripcion": "Datos de temperatura de los equipos", "version": 1, "peso": 1, "antecesores": [], "padres": []}}, {"model": "gestion_de_item.versionitem", "pk": 37, "fields": {"item": 25, "nombre": "Control de temperatura", "descripcion": "Se debe controlar la temperatura", "version": 1, "peso": 5, "antecesores": [], "padres": [24]}}, {"model": "gestion_de_item.versionitem", "pk": 38, "fields": {"item": 26, "nombre": "Estabilidad de la temperatura", "descripcion": "Mantener estable de la temperetura.", "version": 1, "peso": 3, "antecesores": [], "padres": [24]}}, {"model": "gestion_de_item.versionitem", "pk": 39, "fields": {"item": 25, "nombre": "Control de temperatura", "descripcion": "Se debe controlar la temperatura", "version": 2, "peso": 5, "antecesores": [], "padres": [24]}}, {"model": "gestion_de_item.versionitem", "pk": 40, "fields": {"item": 27, "nombre": "Costo del control", "descripcion": "El control de la temperatura debe realizarse con costos minimos.", "version": 1, "peso": 3, "antecesores": [], "padres": [25]}}, {"model": "gestion_de_item.versionitem", "pk": 41, "fields": {"item": 28, "nombre": "Cambio de temperatura (CU)", "descripcion": "Cambio de temperatura", "version": 1, "peso": 4, "antecesores": [25], "padres": []}}, {"model": "gestion_de_item.versionitem", "pk": 42, "fields": {"item": 29, "nombre": "Control", "descripcion": "Clase control", "version": 1, "peso": 5, "antecesores": [27], "padres": []}}, {"model": "gestion_de_item.versionitem", "pk": 43, "fields": {"item": 30, "nombre": "Temperatura", "descripcion": "Clase temperatura", "version": 1, "peso": 7, "antecesores": [], "padres": [28]}}, {"model": "gestion_de_item.versionitem", "pk": 44, "fields": {"item": 29, "nombre": "Control", "descripcion": "Clase control", "version": 2, "peso": 5, "antecesores": [27], "padres": [28]}}, {"model": "gestion_de_item.versionitem", "pk": 45, "fields": {"item": 29, "nombre": "Control", "descripcion": "Clase control", "version": 3, "peso": 5, "antecesores": [27], "padres": [28, 30]}}, {"model": "gestion_de_item.versionitem", "pk": 46, "fields": {"item": 31, "nombre": "Prueba de temperatura", "descripcion": "Prueba unitaria de temperatura", "version": 1, "peso": 4, "antecesores": [30], "padres": []}}, {"model": "gestion_de_item.versionitem", "pk": 47, "fields": {"item": 32, "nombre": "Prueba de cambio de temperatura", "descripcion": "Pruenba de control", "version": 1, "peso": 1, "antecesores": [28], "padres": []}}, {"model": "gestion_de_item.versionitem", "pk": 48, "fields": {"item": 33, "nombre": "Prueba de control", "descripcion": "Prueba de integración de control", "version": 1, "peso": 2, "antecesores": [29], "padres": []}}, {"model": "gestion_de_item.versionitem", "pk": 49, "fields": {"item": 34, "nombre": "Controlador de estabilidad", "descripcion": "Contola la estabilidad", "version": 1, "peso": 3, "antecesores": [26], "padres": []}}, {"model": "gestion_de_item.versionitem", "pk": 50, "fields": {"item": 35, "nombre": "Prueba de estabilidad", "descripcion": "Prueba unitaria de estabilidad", "version": 1, "peso": 1, "antecesores": [34], "padres": []}}, {"model": "gestion_de_item.versionitem", "pk": 51, "fields": {"item": 36, "nombre": "Buscador de fuentes", "descripcion": "Busca secciones del codigo en ciertas páginas de internet.", "version": 1, "peso": 5, "antecesores": [], "padres": []}}, {"model": "gestion_de_item.versionitem", "pk": 52, "fields": {"item": 37, "nombre": "Cross Checker", "descripcion": "Busca coincidencias entre los trabajos de los alumnos", "version": 1, "peso": 8, "antecesores": [], "padres": []}}, {"model": "gestion_de_item.versionitem", "pk": 53, "fields": {"item": 38, "nombre": "Evaluación de fraude", "descripcion": "Evalua los resultados y determina la probabilidad de fraude.", "version": 1, "peso": 6, "antecesores": [], "padres": []}}, {"model": "gestion_de_item.versionitem", "pk": 54, "fields": {"item": 38, "nombre": "Evaluación de fraude", "descripcion": "Evalua los resultados y determina la probabilidad de fraude.", "version": 2, "peso": 6, "antecesores": [], "padres": [37]}}, {"model": "gestion_de_item.versionitem", "pk": 55, "fields": {"item": 38, "nombre": "Evaluación de fraude", "descripcion": "Evalua los resultados y determina la probabilidad de fraude.", "version": 3, "peso": 6, "antecesores": [], "padres": [37]}}, {"model": "gestion_de_item.versionitem", "pk": 56, "fields": {"item": 38, "nombre": "Evaluación de fraude", "descripcion": "Evalua los resultados y determina la probabilidad de fraude.", "version": 4, "peso": 6, "antecesores": [], "padres": [36, 37]}}, {"model": "gestion_de_item.versionitem", "pk": 57, "fields": {"item": 39, "nombre": "Prueba de cross checker", "descripcion": "Prueba el modulo de cross checker", "version": 1, "peso": 2, "antecesores": [37], "padres": []}}, {"model": "gestion_de_item.versionitem", "pk": 58, "fields": {"item": 40, "nombre": "Prueba de evaluacion de fraude", "descripcion": "Prueba el modulo de evaluacion de fraude", "version": 1, "peso": 3, "antecesores": [38], "padres": []}}, {"model": "gestion_de_item.versionitem", "pk": 59, "fields": {"item": 41, "nombre": "Prueba de buscador de fuentes", "descripcion": "Prueba del modulo de buscador de fuentes", "version": 1, "peso": 2, "antecesores": [36], "padres": []}}, {"model": "gestion_de_item.atributoitemarchivo", "pk": 1, "fields": {"version": 1, "plantilla": 1, "valor": "", "archivo_temporal": ""}}, {"model": "gestion_de_item.atributoitemarchivo", "pk": 2, "fields": {"version": 2, "plantilla": 1, "valor": "", "archivo_temporal": ""}}, {"model": "gestion_de_item.atributoitemarchivo", "pk": 3, "fields": {"version": 3, "plantilla": 1, "valor": "", "archivo_temporal": ""}}, {"model": "gestion_de_item.atributoitemarchivo", "pk": 4, "fields": {"version": 4, "plantilla": 9, "valor": "rf_1.txt", "archivo_temporal": ""}}, {"model": "gestion_de_item.atributoitemarchivo", "pk": 5, "fields": {"version": 5, "plantilla": 9, "valor": "", "archivo_temporal": ""}}, {"model": "gestion_de_item.atributoitemarchivo", "pk": 6, "fields": {"version": 6, "plantilla": 9, "valor": "", "archivo_temporal": ""}}, {"model": "gestion_de_item.atributoitemarchivo", "pk": 7, "fields": {"version": 7, "plantilla": 3, "valor": "", "archivo_temporal": ""}}, {"model": "gestion_de_item.atributoitemarchivo", "pk": 8, "fields": {"version": 8, "plantilla": 3, "valor": "", "archivo_temporal": ""}}, {"model": "gestion_de_item.atributoitemarchivo", "pk": 9, "fields": {"version": 9, "plantilla": 5, "valor": "cu_1.txt", "archivo_temporal": ""}}, {"model": "gestion_de_item.atributoitemarchivo", "pk": 10, "fields": {"version": 9, "plantilla": 6, "valor": "cu_1.png", "archivo_temporal": ""}}, {"model": "gestion_de_item.atributoitemarchivo", "pk": 11, "fields": {"version": 10, "plantilla": 5, "valor": "", "archivo_temporal": ""}}, {"model": "gestion_de_item.atributoitemarchivo", "pk": 12, "fields": {"version": 10, "plantilla": 6, "valor": "cu_1.png", "archivo_temporal": ""}}, {"model": "gestion_de_item.atributoitemarchivo", "pk": 13, "fields": {"version": 11, "plantilla": 5, "valor": "", "archivo_temporal": ""}}, {"model": "gestion_de_item.atributoitemarchivo", "pk": 14, "fields": {"version": 11, "plantilla": 6, "valor": "cu_1.png", "archivo_temporal": ""}}, {"model": "gestion_de_item.atributoitemarchivo", "pk": 15, "fields": {"version": 12, "plantilla": 3, "valor": "", "archivo_temporal": ""}}, {"model": "gestion_de_item.atributoitemarchivo", "pk": 16, "fields": {"version": 13, "plantilla": 5, "valor": "", "archivo_temporal": ""}}, {"model": "gestion_de_item.atributoitemarchivo", "pk": 17, "fields": {"version": 13, "plantilla": 6, "valor": "cu_1.png", "archivo_temporal": ""}}, {"model": "gestion_de_item.atributoitemarchivo", "pk": 18, "fields": {"version": 14, "plantilla": 5, "valor": "cu_1.txt", "archivo_temporal": ""}}, {"model": "gestion_de_item.atributoitemarchivo", "pk": 19, "fields": {"version": 14, "plantilla": 6, "valor": "cu_1.png", "archivo_temporal": ""}}, {"model": "gestion_de_item.atributoitemarchivo", "pk": 20, "fields": {"version": 15, "plantilla": 5, "valor": "", "archivo_temporal": ""}}, {"model": "gestion_de_item.atributoitemarchivo", "pk": 21, "fields": {"version": 15, "plantilla": 6, "valor": "cu_1.png", "archivo_temporal": ""}}, {"model": "gestion_de_item.atributoitemarchivo", "pk": 22, "fields": {"version": 16, "plantilla": 7, "valor": "", "archivo_temporal": ""}}, {"model": "gestion_de_item.atributoitemarchivo", "pk": 23, "fields": {"version": 17, "plantilla": 7, "valor": "", "archivo_temporal": ""}}, {"model": "gestion_de_item.atributoitemarchivo", "pk": 24, "fields": {"version": 20, "plantilla": 8, "valor": "", "archivo_temporal": ""}}, {"model": "gestion_de_item.atributoitemarchivo", "pk": 25, "fields": {"version": 21, "plantilla": 7, "valor": "", "archivo_temporal": ""}}, {"model": "gestion_de_item.atributoitemarchivo", "pk": 26, "fields": {"version": 22, "plantilla": 10, "valor": "", "archivo_temporal": ""}}, {"model": "gestion_de_item.atributoitemarchivo", "pk": 27, "fields": {"version": 23, "plantilla": 10, "valor": "", "archivo_temporal": ""}}, {"model": "gestion_de_item.atributoitemarchivo", "pk": 28, "fields": {"version": 24, "plantilla": 11, "valor": "", "archivo_temporal": ""}}, {"model": "gestion_de_item.atributoitemarchivo", "pk": 29, "fields": {"version": 25, "plantilla": 10, "valor": "", "archivo_temporal": ""}}, {"model": "gestion_de_item.atributoitemarchivo", "pk": 30, "fields": {"version": 26, "plantilla": 11, "valor": "", "archivo_temporal": ""}}, {"model": "gestion_de_item.atributoitemarchivo", "pk": 31, "fields": {"version": 27, "plantilla": 11, "valor": "", "archivo_temporal": ""}}, {"model": "gestion_de_item.atributoitemarchivo", "pk": 32, "fields": {"version": 28, "plantilla": 11, "valor": "", "archivo_temporal": ""}}, {"model": "gestion_de_item.atributoitemarchivo", "pk": 33, "fields": {"version": 29, "plantilla": 12, "valor": "", "archivo_temporal": ""}}, {"model": "gestion_de_item.atributoitemarchivo", "pk": 34, "fields": {"version": 29, "plantilla": 13, "valor": "", "archivo_temporal": ""}}, {"model": "gestion_de_item.atributoitemarchivo", "pk": 35, "fields": {"version": 30, "plantilla": 12, "valor": "", "archivo_temporal": ""}}, {"model": "gestion_de_item.atributoitemarchivo", "pk": 36, "fields": {"version": 30, "plantilla": 13, "valor": "", "archivo_temporal": ""}}, {"model": "gestion_de_item.atributoitemarchivo", "pk": 37, "fields": {"version": 31, "plantilla": 14, "valor": "", "archivo_temporal": ""}}, {"model": "gestion_de_item.atributoitemarchivo", "pk": 38, "fields": {"version": 36, "plantilla": 15, "valor": "", "archivo_temporal": ""}}, {"model": "gestion_de_item.atributoitemarchivo", "pk": 39, "fields": {"version": 37, "plantilla": 17, "valor": "", "archivo_temporal": ""}}, {"model": "gestion_de_item.atributoitemarchivo", "pk": 40, "fields": {"version": 38, "plantilla": 16, "valor": "", "archivo_temporal": ""}}, {"model": "gestion_de_item.atributoitemarchivo", "pk": 41, "fields": {"version": 39, "plantilla": 17, "valor": "", "archivo_temporal": ""}}, {"model": "gestion_de_item.atributoitemarchivo", "pk": 42, "fields": {"version": 40, "plantilla": 16, "valor": "", "archivo_temporal": ""}}, {"model": "gestion_de_item.atributoitemarchivo", "pk": 43, "fields": {"version": 41, "plantilla": 18, "valor": "", "archivo_temporal": ""}}, {"model": "gestion_de_item.atributoitemarchivo", "pk": 44, "fields": {"version": 41, "plantilla": 19, "valor": "", "archivo_temporal": ""}}, {"model": "gestion_de_item.atributoitemarchivo", "pk": 45, "fields": {"version": 42, "plantilla": 20, "valor": "", "archivo_temporal": ""}}, {"model": "gestion_de_item.atributoitemarchivo", "pk": 46, "fields": {"version": 43, "plantilla": 20, "valor": "", "archivo_temporal": ""}}, {"model": "gestion_de_item.atributoitemarchivo", "pk": 47, "fields": {"version": 44, "plantilla": 20, "valor": "", "archivo_temporal": ""}}, {"model": "gestion_de_item.atributoitemarchivo", "pk": 48, "fields": {"version": 45, "plantilla": 20, "valor": "", "archivo_temporal": ""}}, {"model": "gestion_de_item.atributoitemarchivo", "pk": 49, "fields": {"version": 49, "plantilla": 18, "valor": "", "archivo_temporal": ""}}, {"model": "gestion_de_item.atributoitemarchivo", "pk": 50, "fields": {"version": 49, "plantilla": 19, "valor": "", "archivo_temporal": ""}}, {"model": "gestion_de_item.atributoitembooleano", "pk": 1, "fields": {"version": 18, "plantilla": 1, "valor": true}}, {"model": "gestion_de_item.atributoitembooleano", "pk": 2, "fields": {"version": 19, "plantilla": 1, "valor": true}}, {"model": "gestion_de_item.atributoitembooleano", "pk": 3, "fields": {"version": 51, "plantilla": 2, "valor": true}}, {"model": "gestion_de_item.atributoitembooleano", "pk": 4, "fields": {"version": 52, "plantilla": 2, "valor": true}}, {"model": "gestion_de_item.atributoitembooleano", "pk": 5, "fields": {"version": 53, "plantilla": 2, "valor": true}}, {"model": "gestion_de_item.atributoitembooleano", "pk": 6, "fields": {"version": 54, "plantilla": 2, "valor": true}}, {"model": "gestion_de_item.atributoitembooleano", "pk": 7, "fields": {"version": 55, "plantilla": 2, "valor": true}}, {"model": "gestion_de_item.atributoitembooleano", "pk": 8, "fields": {"version": 56, "plantilla": 2, "valor": true}}, {"model": "gestion_de_item.atributoitemfecha", "pk": 1, "fields": {"version": 9, "plantilla": 3, "valor": "2020-09-06"}}, {"model": "gestion_de_item.atributoitemfecha", "pk": 2, "fields": {"version": 10, "plantilla": 3, "valor": "2020-09-24"}}, {"model": "gestion_de_item.atributoitemfecha", "pk": 3, "fields": {"version": 11, "plantilla": 3, "valor": "2020-09-24"}}, {"model": "gestion_de_item.atributoitemfecha", "pk": 4, "fields": {"version": 13, "plantilla": 3, "valor": "2020-09-24"}}, {"model": "gestion_de_item.atributoitemfecha", "pk": 5, "fields": {"version": 14, "plantilla": 3, "valor": "2020-09-06"}}, {"model": "gestion_de_item.atributoitemfecha", "pk": 6, "fields": {"version": 15, "plantilla": 3, "valor": "2020-09-24"}}, {"model": "gestion_de_item.atributoitemfecha", "pk": 7, "fields": {"version": 29, "plantilla": 4, "valor": "2020-11-06"}}, {"model": "gestion_de_item.atributoitemfecha", "pk": 8, "fields": {"version": 30, "plantilla": 4, "valor": "2020-11-04"}}, {"model": "gestion_de_item.atributoitemfecha", "pk": 9, "fields": {"version": 41, "plantilla": 5, "valor": "2020-10-29"}}, {"model": "gestion_de_item.atributoitemfecha", "pk": 10, "fields": {"version": 49, "plantilla": 5, "valor": "2020-10-23"}}, {"model": "gestion_de_item.atributoitemnumerico", "pk": 1, "fields": {"version": 32, "plantilla": 4, "valor": "4.00000000000000000000"}}, {"model": "gestion_de_item.atributoitemnumerico", "pk": 2, "fields": {"version": 33, "plantilla": 4, "valor": "4.00000000000000000000"}}, {"model": "gestion_de_item.atributoitemnumerico", "pk": 3, "fields": {"version": 34, "plantilla": 4, "valor": "4.00000000000000000000"}}, {"model": "gestion_de_item.atributoitemnumerico", "pk": 4, "fields": {"version": 35, "plantilla": 4, "valor": "4.00000000000000000000"}}, {"model": "gestion_de_item.atributoitemnumerico", "pk": 5, "fields": {"version": 46, "plantilla": 7, "valor": "2.00000000000000000000"}}, {"model": "gestion_de_item.atributoitemnumerico", "pk": 6, "fields": {"version": 47, "plantilla": 7, "valor": "3.00000000000000000000"}}, {"model": "gestion_de_item.atributoitemnumerico", "pk": 7, "fields": {"version": 48, "plantilla": 8, "valor": "2.00000000000000000000"}}, {"model": "gestion_de_item.atributoitemnumerico", "pk": 8, "fields": {"version": 48, "plantilla": 9, "valor": "2.00000000000000000000"}}, {"model": "gestion_de_item.atributoitemnumerico", "pk": 9, "fields": {"version": 50, "plantilla": 7, "valor": "3.00000000000000000000"}}, {"model": "gestion_de_item.atributoitemnumerico", "pk": 10, "fields": {"version": 57, "plantilla": 10, "valor": "5.00000000000000000000"}}, {"model": "gestion_de_item.atributoitemnumerico", "pk": 11, "fields": {"version": 58, "plantilla": 10, "valor": "4.00000000000000000000"}}, {"model": "gestion_de_item.atributoitemnumerico", "pk": 12, "fields": {"version": 59, "plantilla": 10, "valor": "4.00000000000000000000"}}, {"model": "gestion_linea_base.lineabase", "pk": 1, "fields": {"nombre": "LB_1_1", "estado": "Cerrada", "fecha_creacion": "2020-10-08T13:56:12.986Z", "fase": 5, "items": [3, 4]}}, {"model": "gestion_linea_base.lineabase", "pk": 2, "fields": {"nombre": "LB_1_2", "estado": "Cerrada", "fecha_creacion": "2020-10-08T13:56:19.728Z", "fase": 5, "items": [5, 6]}}, {"model": "gestion_linea_base.lineabase", "pk": 3, "fields": {"nombre": "LB_1_3", "estado": "Cerrada", "fecha_creacion": "2020-10-08T18:01:22.273Z", "fase": 5, "items": [9]}}, {"model": "gestion_linea_base.lineabase", "pk": 4, "fields": {"nombre": "LB_2_1", "estado": "Cerrada", "fecha_creacion": "2020-10-08T19:41:29.955Z", "fase": 6, "items": [7, 8]}}, {"model": "gestion_linea_base.lineabase", "pk": 5, "fields": {"nombre": "LB_3_1", "estado": "Cerrada", "fecha_creacion": "2020-10-08T19:57:21.744Z", "fase": 7, "items": [11]}}, {"model": "gestion_linea_base.lineabase", "pk": 6, "fields": {"nombre": "LB_1_1", "estado": "Cerrada", "fecha_creacion": "2020-10-08T21:25:54.654Z", "fase": 9, "items": [14]}}, {"model": "gestion_linea_base.lineabase", "pk": 7, "fields": {"nombre": "LB_1_2", "estado": "Cerrada", "fecha_creacion": "2020-10-08T21:48:15.752Z", "fase": 9, "items": [17]}}, {"model": "gestion_linea_base.lineabase", "pk": 8, "fields": {"nombre": "LB_1_3", "estado": "Cerrada", "fecha_creacion": "2020-10-08T21:58:26.763Z", "fase": 9, "items": [18]}}, {"model": "gestion_linea_base.lineabase", "pk": 9, "fields": {"nombre": "LB_2_1", "estado": "Cerrada", "fecha_creacion": "2020-10-08T22:02:40.758Z", "fase": 10, "items": [19, 20, 21]}}, {"model": "gestion_linea_base.lineabase", "pk": 10, "fields": {"nombre": "LB_3_1", "estado": "Cerrada", "fecha_creacion": "2020-10-08T22:07:10.621Z", "fase": 11, "items": [22]}}, {"model": "gestion_linea_base.lineabase", "pk": 11, "fields": {"nombre": "LB_1_4", "estado": "Cerrada", "fecha_creacion": "2020-10-08T22:08:40.118Z", "fase": 9, "items": [15, 16]}}, {"model": "gestion_linea_base.lineabase", "pk": 12, "fields": {"nombre": "LB_3_2", "estado": "Cerrada", "fecha_creacion": "2020-10-08T22:10:15.588Z", "fase": 11, "items": [23]}}, {"model": "gestion_linea_base.lineabase", "pk": 13, "fields": {"nombre": "LB_1_1", "estado": "Cerrada", "fecha_creacion": "2020-10-14T19:52:22.141Z", "fase": 12, "items": [24, 25, 26, 27]}}, {"model": "gestion_linea_base.lineabase", "pk": 14, "fields": {"nombre": "LB_2_1", "estado": "Cerrada", "fecha_creacion": "2020-10-14T20:01:29.797Z", "fase": 13, "items": [28, 29, 30]}}, {"model": "gestion_linea_base.lineabase", "pk": 15, "fields": {"nombre": "LB_3_1", "estado": "Cerrada", "fecha_creacion": "2020-10-14T20:09:59.080Z", "fase": 14, "items": [31, 32]}}, {"model": "gestion_linea_base.lineabase", "pk": 16, "fields": {"nombre": "LB_3_2", "estado": "Cerrada", "fecha_creacion": "2020-10-14T20:10:04.848Z", "fase": 14, "items": [33]}}, {"model": "gestion_linea_base.lineabase", "pk": 17, "fields": {"nombre": "LB_2_2", "estado": "Cerrada", "fecha_creacion": "2020-10-14T20:12:48.283Z", "fase": 13, "items": [34]}}, {"model": "gestion_linea_base.lineabase", "pk": 18, "fields": {"nombre": "LB_3_3", "estado": "Cerrada", "fecha_creacion": "2020-10-14T20:13:55.988Z", "fase": 14, "items": [35]}}, {"model": "gestion_linea_base.lineabase", "pk": 19, "fields": {"nombre": "LB_1_1", "estado": "Cerrada", "fecha_creacion": "2020-11-05T20:15:13.608Z", "fase": 15, "items": [36, 37, 38]}}, {"model": "gestion_linea_base.lineabase", "pk": 20, "fields": {"nombre": "LB_2_1", "estado": "Cerrada", "fecha_creacion": "2020-11-05T20:23:34.498Z", "fase": 16, "items": [39, 40, 41]}}, {"model": "gestion_de_solicitud.solicituddecambio", "pk": 1, "fields": {"solicitante": 11, "linea_base": 2, "descripcion": "Nos encontramos con la necesidad de dar soporte a macOS", "fecha": "2020-10-08T14:37:07.851Z", "numero_de_miembros": 3, "estado": "Pendiente"}}, {"model": "gestion_de_solicitud.solicituddecambio", "pk": 2, "fields": {"solicitante": 11, "linea_base": 4, "descripcion": "No se consideró el caso de usuarios en la lista negra del sistema.", "fecha": "2020-10-08T20:02:43.557Z", "numero_de_miembros": 3, "estado": "Pendiente"}}, {"model": "gestion_de_solicitud.solicituddecambio", "pk": 3, "fields": {"solicitante": 23, "linea_base": 20, "descripcion": "Las pruebas del buscador de fuentes no contemplan todos los casos posibles.", "fecha": "2020-11-05T20:26:48.740Z", "numero_de_miembros": 3, "estado": "Pendiente"}}, {"model": "gestion_de_solicitud.asignacion", "pk": 1, "fields": {"usuario": 10, "item": 6, "solicitud": 1, "motivo": "Incluir soporte a macOS"}}, {"model": "gestion_de_solicitud.asignacion", "pk": 2, "fields": {"usuario": 10, "item": 8, "solicitud": 2, "motivo": "Incluir forma de tratar con los usuarios en la lista negra del sistema"}}, {"model": "gestion_de_solicitud.asignacion", "pk": 3, "fields": {"usuario": 22, "item": 39, "solicitud": 3, "motivo": "Analizar los casos faltantes."}}, {"model": "gestion_de_solicitud.voto", "pk": 1, "fields": {"miembro": 12, "voto_a_favor": true, "solicitud": 1}}, {"model": "gestion_de_solicitud.voto", "pk": 2, "fields": {"miembro": 12, "voto_a_favor": true, "solicitud": 2}}, {"model": "gestion_de_solicitud.voto", "pk": 3, "fields": {"miembro": 1, "voto_a_favor": false, "solicitud": 1}}, {"model": "gestion_de_solicitud.voto", "pk": 4, "fields": {"miembro": 1, "voto_a_favor": false, "solicitud": 2}}, {"model": "gestion_de_solicitud.voto", "pk": 5, "fields": {"miembro": 23, "voto_a_favor": true, "solicitud": 3}}, {"model": "gestion_de_solicitud.voto", "pk": 6, "fields": {"miembro": 22, "voto_a_favor": false, "solicitud": 3}}, {"model": "gestion_de_notificaciones.notificacion", "pk": 1, "fields": {"usuario": 1, "titulo": "Acceso de Nuevo Usuario", "mensaje": "El usuario marce-1999@fpuna.edu.py a ingresado por primera vez y necesita un rol para acceder al sistema.<br>\nIngrese al mismo para brindarle un rol.\n\nSAIP\n\n", "leido": false, "fecha_de_creacion": "2020-10-13T20:38:40.413Z"}}, {"model": "gestion_de_notificaciones.notificacion", "pk": 2, "fields": {"usuario": 1, "titulo": "Acceso de Nuevo Usuario", "mensaje": "El usuario hugofleitasbus@fpuna.edu.py a ingresado por primera vez y necesita un rol para acceder al sistema.<br>\nIngrese al mismo para brindarle un rol.\n\nSAIP\n\n", "leido": false, "fecha_de_creacion": "2020-10-13T20:38:40.415Z"}}, {"model": "gestion_de_notificaciones.notificacion", "pk": 3, "fields": {"usuario": 6, "titulo": "Acceso de Nuevo Usuario", "mensaje": "El usuario marce-1999@fpuna.edu.py a ingresado por primera vez y necesita un rol para acceder al sistema.<br>\nIngrese al mismo para brindarle un rol.\n\nSAIP\n\n", "leido": false, "fecha_de_creacion": "2020-10-13T20:38:40.420Z"}}, {"model": "gestion_de_notificaciones.notificacion", "pk": 4, "fields": {"usuario": 6, "titulo": "Acceso de Nuevo Usuario", "mensaje": "El usuario hugofleitasbus@fpuna.edu.py a ingresado por primera vez y necesita un rol para acceder al sistema.<br>\nIngrese al mismo para brindarle un rol.\n\nSAIP\n\n", "leido": false, "fecha_de_creacion": "2020-10-13T20:38:40.421Z"}}, {"model": "gestion_de_notificaciones.notificacion", "pk": 5, "fields": {"usuario": 1, "titulo": "Acceso de Nuevo Usuario", "mensaje": "El usuario maelrirois2@gmail.com a ingresado por primera vez y necesita un rol para acceder al sistema.<br>\nIngrese al mismo para brindarle un rol.\n\nSAIP\n\n", "leido": false, "fecha_de_creacion": "2020-10-13T20:38:40.422Z"}}, {"model": "gestion_de_notificaciones.notificacion", "pk": 6, "fields": {"usuario": 1, "titulo": "Acceso de Nuevo Usuario", "mensaje": "El usuario is2anniis2@gmail.com a ingresado por primera vez y necesita un rol para acceder al sistema.<br>\nIngrese al mismo para brindarle un rol.\n\nSAIP\n\n", "leido": false, "fecha_de_creacion": "2020-10-13T20:38:40.425Z"}}, {"model": "gestion_de_notificaciones.notificacion", "pk": 7, "fields": {"usuario": 6, "titulo": "Acceso de Nuevo Usuario", "mensaje": "El usuario maelrirois2@gmail.com a ingresado por primera vez y necesita un rol para acceder al sistema.<br>\nIngrese al mismo para brindarle un rol.\n\nSAIP\n\n", "leido": false, "fecha_de_creacion": "2020-10-13T20:38:40.427Z"}}, {"model": "gestion_de_notificaciones.notificacion", "pk": 8, "fields": {"usuario": 1, "titulo": "Acceso de Nuevo Usuario", "mensaje": "El usuario luanpemiis2@gmail.com a ingresado por primera vez y necesita un rol para acceder al sistema.<br>\nIngrese al mismo para brindarle un rol.\n\nSAIP\n\n", "leido": false, "fecha_de_creacion": "2020-10-13T20:38:40.427Z"}}, {"model": "gestion_de_notificaciones.notificacion", "pk": 9, "fields": {"usuario": 6, "titulo": "Acceso de Nuevo Usuario", "mensaje": "El usuario is2anniis2@gmail.com a ingresado por primera vez y necesita un rol para acceder al sistema.<br>\nIngrese al mismo para brindarle un rol.\n\nSAIP\n\n", "leido": false, "fecha_de_creacion": "2020-10-13T20:38:40.429Z"}}, {"model": "gestion_de_notificaciones.notificacion", "pk": 10, "fields": {"usuario": 6, "titulo": "Acceso de Nuevo Usuario", "mensaje": "El usuario luanpemiis2@gmail.com a ingresado por primera vez y necesita un rol para acceder al sistema.<br>\nIngrese al mismo para brindarle un rol.\n\nSAIP\n\n", "leido": false, "fecha_de_creacion": "2020-10-13T20:38:40.432Z"}}, {"model": "gestion_de_notificaciones.notificacion", "pk": 11, "fields": {"usuario": 1, "titulo": "Acceso de Nuevo Usuario", "mensaje": "El usuario hugofleitasbus@gmail.com a ingresado por primera vez y necesita un rol para acceder al sistema.<br>\nIngrese al mismo para brindarle un rol.\n\nSAIP\n\n", "leido": false, "fecha_de_creacion": "2020-10-13T20:38:40.434Z"}}, {"model": "gestion_de_notificaciones.notificacion", "pk": 12, "fields": {"usuario": 6, "titulo": "Acceso de Nuevo Usuario", "mensaje": "El usuario hugofleitasbus@gmail.com a ingresado por primera vez y necesita un rol para acceder al sistema.<br>\nIngrese al mismo para brindarle un rol.\n\nSAIP\n\n", "leido": false, "fecha_de_creacion": "2020-10-13T20:38:40.438Z"}}, {"model": "gestion_de_notificaciones.notificacion", "pk": 13, "fields": {"usuario": 5, "titulo": "Inicio de Proyecto", "mensaje": "El proyecto \"Controlador de temperatura de un DataWareHouse\" en el que usted es un participante ha sido iniciado.<br>\n\n<a href=\"http://localhost:8000/proyecto/5/\">Ver proyecto</a>\n\n", "leido": true, "fecha_de_creacion": "2020-10-13T23:01:10.414Z"}}, {"model": "gestion_de_notificaciones.notificacion", "pk": 14, "fields": {"usuario": 4, "titulo": "Inicio de Proyecto", "mensaje": "El proyecto \"Controlador de temperatura de un DataWareHouse\" en el que usted es un participante ha sido iniciado.<br>\n\n<a href=\"http://localhost:8000/proyecto/5/\">Ver proyecto</a>\n\n", "leido": true, "fecha_de_creacion": "2020-10-13T23:01:10.419Z"}}, {"model": "gestion_de_notificaciones.notificacion", "pk": 15, "fields": {"usuario": 3, "titulo": "Inicio de Proyecto", "mensaje": "El proyecto \"Controlador de temperatura de un DataWareHouse\" en el que usted es un participante ha sido iniciado.<br>\n\n<a href=\"http://localhost:8000/proyecto/5/\">Ver proyecto</a>\n\n", "leido": true, "fecha_de_creacion": "2020-10-13T23:01:10.424Z"}}, {"model": "gestion_de_notificaciones.notificacion", "pk": 16, "fields": {"usuario": 2, "titulo": "Inicio de Proyecto", "mensaje": "El proyecto \"Controlador de temperatura de un DataWareHouse\" en el que usted es un participante ha sido iniciado.<br>\n\n<a href=\"http://localhost:8000/proyecto/5/\">Ver proyecto</a>\n\n", "leido": false, "fecha_de_creacion": "2020-10-13T23:01:10.428Z"}}, {"model": "gestion_de_notificaciones.notificacion", "pk": 17, "fields": {"usuario": 3, "titulo": "Solicitud de Aprobacion", "mensaje": "El item \"Mediciones de temperatuta\" en la fase \"Diseño\" del proyecto \"Controlador de temperatura de un DataWareHouse\" se solicito para su aprobacion.<br>\n\n<a href=\"http://localhost:8000/proyecto/5/fase/12/item/24/\">Ver item</a>", "leido": false, "fecha_de_creacion": "2020-10-14T19:58:03.280Z"}}, {"model": "gestion_de_notificaciones.notificacion", "pk": 18, "fields": {"usuario": 3, "titulo": "Solicitud de Aprobacion", "mensaje": "El item \"Control de temperatura\" en la fase \"Diseño\" del proyecto \"Controlador de temperatura de un DataWareHouse\" se solicito para su aprobacion.<br>\n\n<a href=\"http://localhost:8000/proyecto/5/fase/12/item/25/\">Ver item</a>", "leido": false, "fecha_de_creacion": "2020-10-14T19:58:03.283Z"}}, {"model": "gestion_de_notificaciones.notificacion", "pk": 19, "fields": {"usuario": 2, "titulo": "Solicitud de Aprobacion", "mensaje": "El item \"Mediciones de temperatuta\" en la fase \"Diseño\" del proyecto \"Controlador de temperatura de un DataWareHouse\" se solicito para su aprobacion.<br>\n\n<a href=\"http://localhost:8000/proyecto/5/fase/12/item/24/\">Ver item</a>", "leido": false, "fecha_de_creacion": "2020-10-14T19:58:03.285Z"}}, {"model": "gestion_de_notificaciones.notificacion", "pk": 20, "fields": {"usuario": 2, "titulo": "Solicitud de Aprobacion", "mensaje": "El item \"Control de temperatura\" en la fase \"Diseño\" del proyecto \"Controlador de temperatura de un DataWareHouse\" se solicito para su aprobacion.<br>\n\n<a href=\"http://localhost:8000/proyecto/5/fase/12/item/25/\">Ver item</a>", "leido": false, "fecha_de_creacion": "2020-10-14T19:58:03.287Z"}}, {"model": "gestion_de_notificaciones.notificacion", "pk": 21, "fields": {"usuario": 3, "titulo": "Solicitud de Aprobacion", "mensaje": "El item \"Temperatura\" en la fase \"Implementación\" del proyecto \"Controlador de temperatura de un DataWareHouse\" se solicito para su aprobacion.<br>\n\n<a href=\"http://localhost:8000/proyecto/5/fase/13/item/30/\">Ver item</a>", "leido": false, "fecha_de_creacion": "2020-10-14T19:58:03.287Z"}}, {"model": "gestion_de_notificaciones.notificacion", "pk": 22, "fields": {"usuario": 3, "titulo": "Solicitud de Aprobacion", "mensaje": "El item \"Costo del control\" en la fase \"Diseño\" del proyecto \"Controlador de temperatura de un DataWareHouse\" se solicito para su aprobacion.<br>\n\n<a href=\"http://localhost:8000/proyecto/5/fase/12/item/27/\">Ver item</a>", "leido": false, "fecha_de_creacion": "2020-10-14T19:58:03.289Z"}}, {"model": "gestion_de_notificaciones.notificacion", "pk": 23, "fields": {"usuario": 2, "titulo": "Solicitud de Aprobacion", "mensaje": "El item \"Temperatura\" en la fase \"Implementación\" del proyecto \"Controlador de temperatura de un DataWareHouse\" se solicito para su aprobacion.<br>\n\n<a href=\"http://localhost:8000/proyecto/5/fase/13/item/30/\">Ver item</a>", "leido": false, "fecha_de_creacion": "2020-10-14T19:58:03.292Z"}}, {"model": "gestion_de_notificaciones.notificacion", "pk": 24, "fields": {"usuario": 3, "titulo": "Solicitud de Aprobacion", "mensaje": "El item \"Cambio de temperatura (CU)\" en la fase \"Implementación\" del proyecto \"Controlador de temperatura de un DataWareHouse\" se solicito para su aprobacion.<br>\n\n<a href=\"http://localhost:8000/proyecto/5/fase/13/item/28/\">Ver item</a>", "leido": false, "fecha_de_creacion": "2020-10-14T19:58:03.292Z"}}, {"model": "gestion_de_notificaciones.notificacion", "pk": 25, "fields": {"usuario": 2, "titulo": "Solicitud de Aprobacion", "mensaje": "El item \"Costo del control\" en la fase \"Diseño\" del proyecto \"Controlador de temperatura de un DataWareHouse\" se solicito para su aprobacion.<br>\n\n<a href=\"http://localhost:8000/proyecto/5/fase/12/item/27/\">Ver item</a>", "leido": false, "fecha_de_creacion": "2020-10-14T19:58:03.293Z"}}, {"model": "gestion_de_notificaciones.notificacion", "pk": 26, "fields": {"usuario": 3, "titulo": "Solicitud de Aprobacion", "mensaje": "El item \"Estabilidad de la temperatura\" en la fase \"Diseño\" del proyecto \"Controlador de temperatura de un DataWareHouse\" se solicito para su aprobacion.<br>\n\n<a href=\"http://localhost:8000/proyecto/5/fase/12/item/26/\">Ver item</a>", "leido": false, "fecha_de_creacion": "2020-10-14T19:58:03.295Z"}}, {"model": "gestion_de_notificaciones.notificacion", "pk": 27, "fields": {"usuario": 2, "titulo": "Solicitud de Aprobacion", "mensaje": "El item \"Cambio de temperatura (CU)\" en la fase \"Implementación\" del proyecto \"Controlador de temperatura de un DataWareHouse\" se solicito para su aprobacion.<br>\n\n<a href=\"http://localhost:8000/proyecto/5/fase/13/item/28/\">Ver item</a>", "leido": false, "fecha_de_creacion": "2020-10-14T19:58:03.296Z"}}, {"model": "gestion_de_notificaciones.notificacion", "pk": 28, "fields": {"usuario": 2, "titulo": "Solicitud de Aprobacion", "mensaje": "El item \"Estabilidad de la temperatura\" en la fase \"Diseño\" del proyecto \"Controlador de temperatura de un DataWareHouse\" se solicito para su aprobacion.<br>\n\n<a href=\"http://localhost:8000/proyecto/5/fase/12/item/26/\">Ver item</a>", "leido": false, "fecha_de_creacion": "2020-10-14T19:58:03.298Z"}}, {"model": "gestion_de_notificaciones.notificacion", "pk": 29, "fields": {"usuario": 3, "titulo": "Solicitud de Aprobacion", "mensaje": "El item \"Control\" en la fase \"Implementación\" del proyecto \"Controlador de temperatura de un DataWareHouse\" se solicito para su aprobacion.<br>\n\n<a href=\"http://localhost:8000/proyecto/5/fase/13/item/29/\">Ver item</a>", "leido": false, "fecha_de_creacion": "2020-10-14T19:58:33.295Z"}}, {"model": "gestion_de_notificaciones.notificacion", "pk": 30, "fields": {"usuario": 2, "titulo": "Solicitud de Aprobacion", "mensaje": "El item \"Control\" en la fase \"Implementación\" del proyecto \"Controlador de temperatura de un DataWareHouse\" se solicito para su aprobacion.<br>\n\n<a href=\"http://localhost:8000/proyecto/5/fase/13/item/29/\">Ver item</a>", "leido": false, "fecha_de_creacion": "2020-10-14T19:58:33.297Z"}}, {"model": "gestion_de_notificaciones.notificacion", "pk": 31, "fields": {"usuario": 4, "titulo": "Solicitud de rompimiento de LB Cancalada", "mensaje": "La solicitud de ruptura de la linea base \"LB_1_2\", que se solicito en la fecha\n a sido rechazada por el comite de cambios.<br>\n\n", "leido": false, "fecha_de_creacion": "2020-11-05T20:11:25.711Z"}}, {"model": "gestion_de_notificaciones.notificacion", "pk": 32, "fields": {"usuario": 4, "titulo": "Solicitud de rompimiento de LB Aceptada", "mensaje": "La solicitud de ruptura de la linea base \"LB_2_1\", que se solicito en la fecha\n a sido aceptada por el comite de cambios.<br>\n\n", "leido": false, "fecha_de_creacion": "2020-11-05T20:11:25.716Z"}}, {"model": "gestion_de_notificaciones.notificacion", "pk": 33, "fields": {"usuario": 1, "titulo": "Solicitud de Aprobacion", "mensaje": "El item \"Buscador de fuentes\" en la fase \"Desarrollo\" del proyecto \"Detector de Fraude\" se solicito para su aprobacion.<br>\n\n<a href=\"http://localhost:8000/proyecto/6/fase/15/item/36/\">Ver item</a>", "leido": false, "fecha_de_creacion": "2020-11-05T20:11:29.102Z"}}, {"model": "gestion_de_notificaciones.notificacion", "pk": 34, "fields": {"usuario": 2, "titulo": "Solicitud de Aprobacion", "mensaje": "El item \"Buscador de fuentes\" en la fase \"Desarrollo\" del proyecto \"Detector de Fraude\" se solicito para su aprobacion.<br>\n\n<a href=\"http://localhost:8000/proyecto/6/fase/15/item/36/\">Ver item</a>", "leido": false, "fecha_de_creacion": "2020-11-05T20:11:29.105Z"}}, {"model": "gestion_de_notificaciones.notificacion", "pk": 35, "fields": {"usuario": 4, "titulo": "Solicitud de rompimiento de LB Aceptada", "mensaje": "La solicitud de ruptura de la linea base \"LB_1_2\", que se solicito en la fecha\n a sido aceptada por el comite de cambios.<br>\n\n", "leido": false, "fecha_de_creacion": "2020-11-05T20:11:29.474Z"}}, {"model": "gestion_de_notificaciones.notificacion", "pk": 36, "fields": {"usuario": 5, "titulo": "Inicio de Proyecto", "mensaje": "El proyecto \"Detector de Fraude\" en el que usted es un participante ha sido iniciado.<br>\n\n<a href=\"http://localhost:8000/proyecto/6/\">Ver proyecto</a>\n\n", "leido": false, "fecha_de_creacion": "2020-11-05T20:11:32.695Z"}}, {"model": "gestion_de_notificaciones.notificacion", "pk": 37, "fields": {"usuario": 1, "titulo": "Inicio de Proyecto", "mensaje": "El proyecto \"Detector de Fraude\" en el que usted es un participante ha sido iniciado.<br>\n\n<a href=\"http://localhost:8000/proyecto/6/\">Ver proyecto</a>\n\n", "leido": false, "fecha_de_creacion": "2020-11-05T20:11:32.699Z"}}, {"model": "gestion_de_notificaciones.notificacion", "pk": 38, "fields": {"usuario": 4, "titulo": "Inicio de Proyecto", "mensaje": "El proyecto \"Detector de Fraude\" en el que usted es un participante ha sido iniciado.<br>\n\n<a href=\"http://localhost:8000/proyecto/6/\">Ver proyecto</a>\n\n", "leido": false, "fecha_de_creacion": "2020-11-05T20:11:32.701Z"}}, {"model": "gestion_de_notificaciones.notificacion", "pk": 39, "fields": {"usuario": 2, "titulo": "Inicio de Proyecto", "mensaje": "El proyecto \"Detector de Fraude\" en el que usted es un participante ha sido iniciado.<br>\n\n<a href=\"http://localhost:8000/proyecto/6/\">Ver proyecto</a>\n\n", "leido": false, "fecha_de_creacion": "2020-11-05T20:11:32.704Z"}}, {"model": "gestion_de_notificaciones.notificacion", "pk": 40, "fields": {"usuario": 1, "titulo": "Solicitud de Aprobacion", "mensaje": "El item \"Cross Checker\" en la fase \"Desarrollo\" del proyecto \"Detector de Fraude\" se solicito para su aprobacion.<br>\n\n<a href=\"http://localhost:8000/proyecto/6/fase/15/item/37/\">Ver item</a>", "leido": false, "fecha_de_creacion": "2020-11-05T20:11:36.109Z"}}, {"model": "gestion_de_notificaciones.notificacion", "pk": 41, "fields": {"usuario": 2, "titulo": "Solicitud de Aprobacion", "mensaje": "El item \"Cross Checker\" en la fase \"Desarrollo\" del proyecto \"Detector de Fraude\" se solicito para su aprobacion.<br>\n\n<a href=\"http://localhost:8000/proyecto/6/fase/15/item/37/\">Ver item</a>", "leido": false, "fecha_de_creacion": "2020-11-05T20:11:36.112Z"}}, {"model": "gestion_de_notificaciones.notificacion", "pk": 42, "fields": {"usuario": 1, "titulo": "Solicitud de Aprobacion", "mensaje": "El item \"Evaluación de fraude\" en la fase \"Desarrollo\" del proyecto \"Detector de Fraude\" se solicito para su aprobacion.<br>\n\n<a href=\"http://localhost:8000/proyecto/6/fase/15/item/38/\">Ver item</a>", "leido": false, "fecha_de_creacion": "2020-11-05T20:14:45.750Z"}}, {"model": "gestion_de_notificaciones.notificacion", "pk": 43, "fields": {"usuario": 2, "titulo": "Solicitud de Aprobacion", "mensaje": "El item \"Evaluación de fraude\" en la fase \"Desarrollo\" del proyecto \"Detector de Fraude\" se solicito para su aprobacion.<br>\n\n<a href=\"http://localhost:8000/proyecto/6/fase/15/item/38/\">Ver item</a>", "leido": false, "fecha_de_creacion": "2020-11-05T20:14:45.754Z"}}, {"model": "gestion_de_notificaciones.notificacion", "pk": 44, "fields": {"usuario": 1, "titulo": "Solicitud de Aprobacion", "mensaje": "El item \"Prueba de buscador de fuentes\" en la fase \"Pruebas\" del proyecto \"Detector de Fraude\" se solicito para su aprobacion.<br>\n\n<a href=\"http://localhost:8000/proyecto/6/fase/16/item/41/\">Ver item</a>", "leido": false, "fecha_de_creacion": "2020-11-05T20:22:43.459Z"}}, {"model": "gestion_de_notificaciones.notificacion", "pk": 45, "fields": {"usuario": 2, "titulo": "Solicitud de Aprobacion", "mensaje": "El item \"Prueba de buscador de fuentes\" en la fase \"Pruebas\" del proyecto \"Detector de Fraude\" se solicito para su aprobacion.<br>\n\n<a href=\"http://localhost:8000/proyecto/6/fase/16/item/41/\">Ver item</a>", "leido": false, "fecha_de_creacion": "2020-11-05T20:22:43.463Z"}}, {"model": "gestion_de_notificaciones.notificacion", "pk": 46, "fields": {"usuario": 1, "titulo": "Solicitud de Aprobacion", "mensaje": "El item \"Prueba de cross checker\" en la fase \"Pruebas\" del proyecto \"Detector de Fraude\" se solicito para su aprobacion.<br>\n\n<a href=\"http://localhost:8000/proyecto/6/fase/16/item/39/\">Ver item</a>", "leido": false, "fecha_de_creacion": "2020-11-05T20:22:47.496Z"}}, {"model": "gestion_de_notificaciones.notificacion", "pk": 47, "fields": {"usuario": 2, "titulo": "Solicitud de Aprobacion", "mensaje": "El item \"Prueba de cross checker\" en la fase \"Pruebas\" del proyecto \"Detector de Fraude\" se solicito para su aprobacion.<br>\n\n<a href=\"http://localhost:8000/proyecto/6/fase/16/item/39/\">Ver item</a>", "leido": false, "fecha_de_creacion": "2020-11-05T20:22:47.499Z"}}, {"model": "gestion_de_notificaciones.notificacion", "pk": 48, "fields": {"usuario": 1, "titulo": "Solicitud de Aprobacion", "mensaje": "El item \"Prueba de evaluacion de fraude\" en la fase \"Pruebas\" del proyecto \"Detector de Fraude\" se solicito para su aprobacion.<br>\n\n<a href=\"http://localhost:8000/proyecto/6/fase/16/item/40/\">Ver item</a>", "leido": false, "fecha_de_creacion": "2020-11-05T20:22:51.698Z"}}, {"model": "gestion_de_notificaciones.notificacion", "pk": 49, "fields": {"usuario": 2, "titulo": "Solicitud de Aprobacion", "mensaje": "El item \"Prueba de evaluacion de fraude\" en la fase \"Pruebas\" del proyecto \"Detector de Fraude\" se solicito para su aprobacion.<br>\n\n<a href=\"http://localhost:8000/proyecto/6/fase/16/item/40/\">Ver item</a>", "leido": false, "fecha_de_creacion": "2020-11-05T20:22:51.702Z"}}, {"model": "gestion_de_notificaciones.notificacion", "pk": 50, "fields": {"usuario": 5, "titulo": "Solicitud de Rompimiento", "mensaje": "Se ha generado una solicitud de cambio para la linea base \"LB_2_1\" de la fase \"Pruebas\" del proyecto \"Detector de Fraude\".<br>\n\n<a href=\"http://localhost:8000/proyecto/6/solicitudes/3/\">Ver Solicitud</a>", "leido": false, "fecha_de_creacion": "2020-11-05T20:26:48.770Z"}}, {"model": "gestion_de_notificaciones.notificacion", "pk": 51, "fields": {"usuario": 4, "titulo": "Solicitud de Rompimiento", "mensaje": "Se ha generado una solicitud de cambio para la linea base \"LB_2_1\" de la fase \"Pruebas\" del proyecto \"Detector de Fraude\".<br>\n\n<a href=\"http://localhost:8000/proyecto/6/solicitudes/3/\">Ver Solicitud</a>", "leido": false, "fecha_de_creacion": "2020-11-05T20:26:48.773Z"}}, {"model": "gestion_de_notificaciones.notificacion", "pk": 52, "fields": {"usuario": 2, "titulo": "Solicitud de Rompimiento", "mensaje": "Se ha generado una solicitud de cambio para la linea base \"LB_2_1\" de la fase \"Pruebas\" del proyecto \"Detector de Fraude\".<br>\n\n<a href=\"http://localhost:8000/proyecto/6/solicitudes/3/\">Ver Solicitud</a>", "leido": false, "fecha_de_creacion": "2020-11-05T20:26:48.776Z"}}, {"model": "account.emailaddress", "pk": 1, "fields": {"user": 1, "email": "marce-1999@fpuna.edu.py", "verified": true, "primary": true}}, {"model": "account.emailaddress", "pk": 2, "fields": {"user": 2, "email": "hugofleitasbus@fpuna.edu.py", "verified": true, "primary": true}}, {"model": "account.emailaddress", "pk": 3, "fields": {"user": 3, "email": "hugofleitasbus@gmail.com", "verified": true, "primary": true}}, {"model": "account.emailaddress", "pk": 4, "fields": {"user": 4, "email": "luanpemiis2@gmail.com", "verified": true, "primary": true}}, {"model": "account.emailaddress", "pk": 5, "fields": {"user": 5, "email": "maelrirois2@gmail.com", "verified": true, "primary": true}}, {"model": "account.emailaddress", "pk": 6, "fields": {"user": 6, "email": "is2anniis2@gmail.com", "verified": true, "primary": true}}, {"model": "socialaccount.socialaccount", "pk": 1, "fields": {"user": 1, "provider": "google", "uid": "105234345652868175197", "last_login": "2020-10-14T20:15:13.872Z", "date_joined": "2020-10-05T13:23:27.732Z", "extra_data": "{\"id\": \"105234345652868175197\", \"email\": \"marce-1999@fpuna.edu.py\", \"verified_email\": true, \"name\": \"Marcelo Nicolas Perez Britez\", \"given_name\": \"Marcelo Nicolas\", \"family_name\": \"Perez Britez\", \"picture\": \"https://lh6.googleusercontent.com/-aW8BiG0uSnQ/AAAAAAAAAAI/AAAAAAAAAAA/AMZuuckGObrBFA5V0qGogjc9HU026-pQ3g/s96-c/photo.jpg\", \"locale\": \"es\", \"hd\": \"fpuna.edu.py\"}"}}, {"model": "socialaccount.socialaccount", "pk": 2, "fields": {"user": 2, "provider": "google", "uid": "105895296186884300997", "last_login": "2020-11-05T20:27:21.015Z", "date_joined": "2020-10-05T13:27:23.994Z", "extra_data": "{\"id\": \"105895296186884300997\", \"email\": \"hugofleitasbus@fpuna.edu.py\", \"verified_email\": true, \"name\": \"Hugo Javier Fleitas Bustamante\", \"given_name\": \"Hugo Javier\", \"family_name\": \"Fleitas Bustamante\", \"picture\": \"https://lh5.googleusercontent.com/-wk_EoUgUu2Y/AAAAAAAAAAI/AAAAAAAAAAA/AMZuuckYO1DacwTLBPwXxWaSSpqt0ezJFQ/s96-c/photo.jpg\", \"locale\": \"es\", \"hd\": \"fpuna.edu.py\"}"}}, {"model": "socialaccount.socialaccount", "pk": 3, "fields": {"user": 3, "provider": "google", "uid": "117823219343486766835", "last_login": "2020-10-14T20:21:36.751Z", "date_joined": "2020-10-05T13:27:35.793Z", "extra_data": "{\"id\": \"117823219343486766835\", \"email\": \"hugofleitasbus@gmail.com\", \"verified_email\": true, \"name\": \"Hugo Fleitas\", \"given_name\": \"Hugo\", \"family_name\": \"Fleitas\", \"picture\": \"https://lh3.googleusercontent.com/-o1hwlQKJ5dU/AAAAAAAAAAI/AAAAAAAAAAA/AMZuucnDiLdYkzjKxBsY4JT4H2beQNXRNg/s96-c/photo.jpg\", \"locale\": \"en\"}"}}, {"model": "socialaccount.socialaccount", "pk": 4, "fields": {"user": 4, "provider": "google", "uid": "100522071740648695567", "last_login": "2020-11-05T20:27:38.650Z", "date_joined": "2020-10-05T20:44:45.730Z", "extra_data": "{\"id\": \"100522071740648695567\", \"email\": \"luanpemiis2@gmail.com\", \"verified_email\": true, \"name\": \"Luis P\\u00e9rez\", \"given_name\": \"Luis\", \"family_name\": \"P\\u00e9rez\", \"picture\": \"https://lh5.googleusercontent.com/-LcoNGj7BjRI/AAAAAAAAAAI/AAAAAAAAAAA/AMZuucnFlLx8Hg1h_7Z2qYydMd1KmFgrjQ/s96-c/photo.jpg\", \"locale\": \"es\"}"}}, {"model": "socialaccount.socialaccount", "pk": 5, "fields": {"user": 5, "provider": "google", "uid": "113436216411496995271", "last_login": "2020-11-05T19:48:08.275Z", "date_joined": "2020-10-06T14:22:11.631Z", "extra_data": "{\"id\": \"113436216411496995271\", \"email\": \"maelrirois2@gmail.com\", \"verified_email\": true, \"name\": \"Marcos Riveros\", \"given_name\": \"Marcos\", \"family_name\": \"Riveros\", \"picture\": \"https://lh5.googleusercontent.com/-nij4FHs0w0o/AAAAAAAAAAI/AAAAAAAAAAA/AMZuucnVGnS4TVmMVwKUBlJw-n90dB_VRg/s96-c/photo.jpg\", \"locale\": \"es\"}"}}, {"model": "socialaccount.socialaccount", "pk": 6, "fields": {"user": 6, "provider": "google", "uid": "100255949743665487043", "last_login": "2020-11-05T19:38:51.680Z", "date_joined": "2020-10-09T12:25:07.866Z", "extra_data": "{\"id\": \"100255949743665487043\", \"email\": \"is2anniis2@gmail.com\", \"verified_email\": true, \"name\": \"An\\u00edbal Nicolas\", \"given_name\": \"An\\u00edbal\", \"family_name\": \"Nicolas\", \"picture\": \"https://lh3.googleusercontent.com/-FdRFhBFHoGI/AAAAAAAAAAI/AAAAAAAAAAA/AMZuuck7NvS4SnU-gaLnYEBHiv9jQz698Q/s96-c/photo.jpg\", \"locale\": \"es\"}"}}, {"model": "socialaccount.socialtoken", "pk": 1, "fields": {"app": 1, "account": 1, "token": "ya29.a0AfH6SMC8kTuilVIPaM06No_9wK5U2v90Q72f_Y0dpS8JviyM_TPCU92FwFPb7m1Xhoxglj1BFRT88nzWR11vUrG40xRNczqGQhfrm4fgsM5521tE9gAEo7pKCmynesvHXPBsOP-dzEg2xZp_XbCBUE_1H-04xnkMulk", "token_secret": "", "expires_at": "2020-10-14T21:15:12.709Z"}}, {"model": "socialaccount.socialtoken", "pk": 2, "fields": {"app": 1, "account": 2, "token": "ya29.A0AfH6SMDBt7DOWGJcoQhY9OEo3sloaOvJyJDAnnkrrlP_6OTOK2MzqJaG5AYXqlPUj9HImj0oSYQLIhHV3S1w3efzofBblmi89FjJDQf-vHzLEI6VQVHY1d7CyiJp9bSVJB47r3UpHsryGxhN5D_AHO5XwE2K2LVQGTTQ8ciVcyI", "token_secret": "", "expires_at": "2020-11-05T21:27:19.843Z"}}, {"model": "socialaccount.socialtoken", "pk": 3, "fields": {"app": 1, "account": 3, "token": "ya29.a0AfH6SMC-TgixwBe3AYFEY3-4uHS-s07LGv1kRaMi_ST6TO4JBoBns6p6OOxeV2Dqn8IgeBNp6tkpl9kMwLUoKJ2noiR0LcZlqVnxar4U02M1j9PUAT7rbrod7go7AIEeEHiwnvx_37aY33DQQphhtEctbkbHZANQHmg", "token_secret": "", "expires_at": "2020-10-14T21:21:35.333Z"}}, {"model": "socialaccount.socialtoken", "pk": 4, "fields": {"app": 1, "account": 4, "token": "ya29.A0AfH6SMAJ9IzAgfq1H-8bwFb3tsBpntKo4cfC8yab6CLt5jEvUQyWVdRCeYXnxF32oqT2nZbzZGIzl_8fXHQ8SmKO0d0ewOH2aVxXiX6GgpaE2y9boMzAUV10Zvoc-dr6KmrLUPHuJ0wIIOlNvFdNz-XBNLlhy9KoA6HoEu9bQ7U", "token_secret": "", "expires_at": "2020-11-05T21:27:37.481Z"}}, {"model": "socialaccount.socialtoken", "pk": 5, "fields": {"app": 1, "account": 5, "token": "ya29.A0AfH6SMC3KLrx_QviGgK1FsQnqFOgDgZ_fXxNfLVOripFWNJpIo827S6irljgnaivuXSGuUgAugkTUsTlKgGS7hATLFxeZ_XkaAcEuBGOL38P2j3JhjLPvTCSMI6AhGw3O29HbB6GaUq1pCqn6FmEKFGws3onYEfHBVZYH2SZohM", "token_secret": "", "expires_at": "2020-11-05T20:48:07.090Z"}}, {"model": "socialaccount.socialtoken", "pk": 6, "fields": {"app": 1, "account": 6, "token": "ya29.A0AfH6SMB7G_bIcS1Lt1dy2loxKml-smRu_8khYSi9U5fNia9Wsyw-SuLaBJtKRciaSCaRVFG9I12xlik-UIBmE2jO3W8V9r9vX_9-Bdk5lRt7n0iUQW08j7VQiPBNLYtLG8ct0J58rqbsa2Q43J08zU1TeJm4qF4ho8NsWrHCmHc", "token_secret": "", "expires_at": "2020-11-05T20:38:50.526Z"}}]