[{"model": "admin.logentry", "pk": 22, "fields": {"action_time": "2020-08-16T23:14:44.911Z", "user": 6, "content_type": 12, "object_id": "2", "object_repr": "Proyecto Ingenieria de Software", "action_flag": 2, "change_message": "[{\"changed\": {\"fields\": [\"Nombre\", \"Descripcion\"]}}]"}}, {"model": "admin.logentry", "pk": 23, "fields": {"action_time": "2020-08-20T14:43:44.465Z", "user": 6, "content_type": 8, "object_id": "12", "object_repr": "Rol1", "action_flag": 3, "change_message": ""}}, {"model": "admin.logentry", "pk": 24, "fields": {"action_time": "2020-08-20T14:49:12.711Z", "user": 6, "content_type": 12, "object_id": "4", "object_repr": "Sistema Administrador de Items de Proyectos", "action_flag": 3, "change_message": ""}}, {"model": "admin.logentry", "pk": 25, "fields": {"action_time": "2020-08-20T14:49:12.730Z", "user": 6, "content_type": 12, "object_id": "3", "object_repr": "ProyectoPrueba", "action_flag": 3, "change_message": ""}}, {"model": "admin.logentry", "pk": 26, "fields": {"action_time": "2020-08-20T14:49:12.747Z", "user": 6, "content_type": 12, "object_id": "2", "object_repr": "Proyecto Ingenieria de Software", "action_flag": 3, "change_message": ""}}, {"model": "admin.logentry", "pk": 27, "fields": {"action_time": "2020-08-20T14:49:12.764Z", "user": 6, "content_type": 12, "object_id": "1", "object_repr": "Ingenieria de Software", "action_flag": 3, "change_message": ""}}, {"model": "admin.logentry", "pk": 28, "fields": {"action_time": "2020-08-20T14:49:24.271Z", "user": 6, "content_type": 9, "object_id": "2", "object_repr": "QA", "action_flag": 3, "change_message": ""}}, {"model": "sessions.session", "pk": "0be8yot0xv8a8ja8ydbfiayj9ronngbd", "fields": {"session_data": "OTM3MjI1M2ZmM2E0NDA2MjhiODFlNjFmOTRiMDdjOTUxODc3ZTFmYTp7Il9hdXRoX3VzZXJfaWQiOiI0IiwiX2F1dGhfdXNlcl9iYWNrZW5kIjoiYWxsYXV0aC5hY2NvdW50LmF1dGhfYmFja2VuZHMuQXV0aGVudGljYXRpb25CYWNrZW5kIiwiX2F1dGhfdXNlcl9oYXNoIjoiNGY2NDkzMDFhYjliMDBlMTI3M2JlNTI3NThiZmZmZDkzOThmZWQ5NSJ9", "expire_date": "2020-08-30T22:58:04.773Z"}}, {"model": "sessions.session", "pk": "373qzvuhe8itadt4x550oes4137kxz4r", "fields": {"session_data": "YzU0MjMwNTc5N2JhZDVlYTkyYWVlMGUyYTRmNGZkY2FlNjA5ODEwNzp7Il9hdXRoX3VzZXJfaWQiOiIxIiwiX2F1dGhfdXNlcl9iYWNrZW5kIjoiYWxsYXV0aC5hY2NvdW50LmF1dGhfYmFja2VuZHMuQXV0aGVudGljYXRpb25CYWNrZW5kIiwiX2F1dGhfdXNlcl9oYXNoIjoiZmM3ZmVmMmJjZDFlNjMwMzU4MzFkYzNlNDE3MDhjNzRlZDFlNmE0MSJ9", "expire_date": "2020-05-14T21:06:39.727Z"}}, {"model": "sessions.session", "pk": "8b5hir1t95krvsd6obq0tm561mgkdx37", "fields": {"session_data": "ZDhhYzZiMzIwMGMwNmU0MzA2ODRhMjRmNjNmYTYyZmIyMDY2YWFhMjp7InNvY2lhbGFjY291bnRfc3RhdGUiOlt7Im5leHQiOiIvIiwicHJvY2VzcyI6ImxvZ2luIiwic2NvcGUiOiIiLCJhdXRoX3BhcmFtcyI6IiJ9LCJhallhQkIzNWFhWGYiXX0=", "expire_date": "2020-08-31T17:07:50.060Z"}}, {"model": "sessions.session", "pk": "bgpfohsxje4prpvbyxcmxmuwog23p5b4", "fields": {"session_data": "OTM3MjI1M2ZmM2E0NDA2MjhiODFlNjFmOTRiMDdjOTUxODc3ZTFmYTp7Il9hdXRoX3VzZXJfaWQiOiI0IiwiX2F1dGhfdXNlcl9iYWNrZW5kIjoiYWxsYXV0aC5hY2NvdW50LmF1dGhfYmFja2VuZHMuQXV0aGVudGljYXRpb25CYWNrZW5kIiwiX2F1dGhfdXNlcl9oYXNoIjoiNGY2NDkzMDFhYjliMDBlMTI3M2JlNTI3NThiZmZmZDkzOThmZWQ5NSJ9", "expire_date": "2020-08-31T21:59:15.303Z"}}, {"model": "sessions.session", "pk": "gdsnfdvgdgry1y4rur7z8imk6lyo0c1q", "fields": {"session_data": "YzU0MjMwNTc5N2JhZDVlYTkyYWVlMGUyYTRmNGZkY2FlNjA5ODEwNzp7Il9hdXRoX3VzZXJfaWQiOiIxIiwiX2F1dGhfdXNlcl9iYWNrZW5kIjoiYWxsYXV0aC5hY2NvdW50LmF1dGhfYmFja2VuZHMuQXV0aGVudGljYXRpb25CYWNrZW5kIiwiX2F1dGhfdXNlcl9oYXNoIjoiZmM3ZmVmMmJjZDFlNjMwMzU4MzFkYzNlNDE3MDhjNzRlZDFlNmE0MSJ9", "expire_date": "2020-08-17T20:59:12.972Z"}}, {"model": "sessions.session", "pk": "j8rou7ielby4656ajx1c6t9uogwyfijj", "fields": {"session_data": "YzU0MjMwNTc5N2JhZDVlYTkyYWVlMGUyYTRmNGZkY2FlNjA5ODEwNzp7Il9hdXRoX3VzZXJfaWQiOiIxIiwiX2F1dGhfdXNlcl9iYWNrZW5kIjoiYWxsYXV0aC5hY2NvdW50LmF1dGhfYmFja2VuZHMuQXV0aGVudGljYXRpb25CYWNrZW5kIiwiX2F1dGhfdXNlcl9oYXNoIjoiZmM3ZmVmMmJjZDFlNjMwMzU4MzFkYzNlNDE3MDhjNzRlZDFlNmE0MSJ9", "expire_date": "2020-05-10T23:25:01.562Z"}}, {"model": "sessions.session", "pk": "opnp6mmqgdggvrytb15vmzx19z20m731", "fields": {"session_data": "ZDkzNTk3YmYwYjJhYmIxNmI5YmIxMGJiMDkzNzkxODczOTVkOTBhZDp7InNvY2lhbGFjY291bnRfc3RhdGUiOlt7Im5leHQiOiIvIiwicHJvY2VzcyI6ImxvZ2luIiwic2NvcGUiOiIiLCJhdXRoX3BhcmFtcyI6IiJ9LCIyRTFCaWZFUXJmVVMiXX0=", "expire_date": "2020-08-30T22:46:19.960Z"}}, {"model": "sessions.session", "pk": "pbjwxf9kwpqkvpdgdk4x407uxmukytru", "fields": {"session_data": "YzU0MjMwNTc5N2JhZDVlYTkyYWVlMGUyYTRmNGZkY2FlNjA5ODEwNzp7Il9hdXRoX3VzZXJfaWQiOiIxIiwiX2F1dGhfdXNlcl9iYWNrZW5kIjoiYWxsYXV0aC5hY2NvdW50LmF1dGhfYmFja2VuZHMuQXV0aGVudGljYXRpb25CYWNrZW5kIiwiX2F1dGhfdXNlcl9oYXNoIjoiZmM3ZmVmMmJjZDFlNjMwMzU4MzFkYzNlNDE3MDhjNzRlZDFlNmE0MSJ9", "expire_date": "2020-09-03T14:56:43.483Z"}}, {"model": "sessions.session", "pk": "ptbz8t6i5athgz0sj5y2zm0qhxnf9m6u", "fields": {"session_data": "YzU0MjMwNTc5N2JhZDVlYTkyYWVlMGUyYTRmNGZkY2FlNjA5ODEwNzp7Il9hdXRoX3VzZXJfaWQiOiIxIiwiX2F1dGhfdXNlcl9iYWNrZW5kIjoiYWxsYXV0aC5hY2NvdW50LmF1dGhfYmFja2VuZHMuQXV0aGVudGljYXRpb25CYWNrZW5kIiwiX2F1dGhfdXNlcl9oYXNoIjoiZmM3ZmVmMmJjZDFlNjMwMzU4MzFkYzNlNDE3MDhjNzRlZDFlNmE0MSJ9", "expire_date": "2020-09-02T20:06:47.485Z"}}, {"model": "sessions.session", "pk": "vc32okme9vdd31gefnxsqgp9sec6trzq", "fields": {"session_data": "YzU0MjMwNTc5N2JhZDVlYTkyYWVlMGUyYTRmNGZkY2FlNjA5ODEwNzp7Il9hdXRoX3VzZXJfaWQiOiIxIiwiX2F1dGhfdXNlcl9iYWNrZW5kIjoiYWxsYXV0aC5hY2NvdW50LmF1dGhfYmFja2VuZHMuQXV0aGVudGljYXRpb25CYWNrZW5kIiwiX2F1dGhfdXNlcl9oYXNoIjoiZmM3ZmVmMmJjZDFlNjMwMzU4MzFkYzNlNDE3MDhjNzRlZDFlNmE0MSJ9", "expire_date": "2020-08-30T23:16:29.540Z"}}, {"model": "sites.site", "pk": 1, "fields": {"domain": "localhost:8000", "name": "localhost"}}, {"model": "roles_de_sistema.roldesistema", "pk": 11, "fields": {"nombre": "Usuario", "descripcion": "Rol utilizado para usuario comun dentro del Sistema", "permisos": []}}, {"model": "roles_de_sistema.roldesistema", "pk": 13, "fields": {"nombre": "Administrador", "descripcion": "Rol de Sistema de Administracion del Sistema", "permisos": [39, 34, 48, 49, 33, 42, 37, 47, 40, 45, 41, 44, 38, 35, 43, 36, 46, 50]}}, {"model": "roles_de_proyecto.roldeproyecto", "pk": 1, "fields": {"nombre": "Programador", "descripcion": "Rol de proyecto utilizado por los programadores del proyecto", "permisos": [74, 80, 78, 75, 76, 59]}}, {"model": "roles_de_proyecto.roldeproyecto", "pk": 3, "fields": {"nombre": "HR", "descripcion": "Rol encargado de los usuarios del proyecto", "permisos": [70, 72, 71, 59]}}, {"model": "roles_de_proyecto.roldeproyecto", "pk": 4, "fields": {"nombre": "Quality Assurance", "descripcion": "Rol encargado de comprobar y Aprobar los items solicitados", "permisos": [79, 64, 179, 76, 81, 69, 59]}}, {"model": "roles_de_proyecto.roldeproyecto", "pk": 5, "fields": {"nombre": "Analista", "descripcion": "Rol con permisos de creacion, modificacion y eliminacion de items", "permisos": [74, 77, 78, 75, 178, 59]}}, {"model": "roles_de_proyecto.permisosporfase", "pk": 15, "fields": {"fase": 11, "permisos": [74, 80, 78, 75, 76, 63]}}, {"model": "roles_de_proyecto.permisosporfase", "pk": 16, "fields": {"fase": 12, "permisos": [74, 80, 78, 75, 76, 63]}}, {"model": "roles_de_proyecto.permisosporfase", "pk": 17, "fields": {"fase": 10, "permisos": [79, 64, 179, 76, 81, 63]}}, {"model": "roles_de_proyecto.permisosporfase", "pk": 18, "fields": {"fase": 11, "permisos": [79, 64, 179, 76, 81, 63]}}, {"model": "roles_de_proyecto.permisosporfase", "pk": 19, "fields": {"fase": 12, "permisos": [79, 64, 179, 76, 81, 63]}}, {"model": "roles_de_proyecto.permisosporfase", "pk": 20, "fields": {"fase": 13, "permisos": [79, 64, 179, 76, 81, 63]}}, {"model": "roles_de_proyecto.permisosporfase", "pk": 21, "fields": {"fase": 10, "permisos": [74, 80, 78, 75, 76, 63]}}, {"model": "roles_de_proyecto.permisosporfase", "pk": 22, "fields": {"fase": 11, "permisos": [74, 80, 78, 75, 76, 63]}}, {"model": "roles_de_proyecto.permisosporfase", "pk": 23, "fields": {"fase": 12, "permisos": [74, 80, 78, 75, 76, 63]}}, {"model": "roles_de_proyecto.permisosporfase", "pk": 24, "fields": {"fase": 13, "permisos": [74, 80, 78, 75, 76, 63]}}, {"model": "gestion_de_proyecto.proyecto", "pk": 5, "fields": {"nombre": "Sistema Administrador de Items de Proyectos", "descripcion": "Proyecto de desarrollo de un sistema  que se encarga de mantener informacion sobre los items que conforman un proyecto de Software.", "gerente": 1, "creador": 1, "fecha_de_creacion": "2020-08-20T14:58:08.863Z", "estado": "Iniciado"}}, {"model": "gestion_de_proyecto.participante", "pk": 12, "fields": {"proyecto": 5, "usuario": 1, "rol": null, "permisos_por_fase": []}}, {"model": "gestion_de_proyecto.participante", "pk": 13, "fields": {"proyecto": 5, "usuario": 3, "rol": 1, "permisos_por_fase": [21, 22, 23, 24]}}, {"model": "gestion_de_proyecto.participante", "pk": 14, "fields": {"proyecto": 5, "usuario": 4, "rol": 4, "permisos_por_fase": [17, 18, 19, 20]}}, {"model": "gestion_de_proyecto.comite", "pk": 5, "fields": {"proyecto": 5, "miembros": [12, 13, 14]}}, {"model": "gestion_de_fase.fase", "pk": 10, "fields": {"nombre": "Analisis de Requerimientos", "proyecto": 5, "descripcion": "Etapa en la que se definen las funcionalidades que el sistema debe cumplir", "fase_anterior": null, "fase_cerrada": false, "puede_cerrarse": false}}, {"model": "gestion_de_fase.fase", "pk": 11, "fields": {"nombre": "Dise\u00f1o y Arquitectura del Sistema", "proyecto": 5, "descripcion": "Etapa en la que se toman los requerimientos del usuario y se dise\u00f1a la arquitectura que tendra el sistema", "fase_anterior": 10, "fase_cerrada": false, "puede_cerrarse": false}}, {"model": "gestion_de_fase.fase", "pk": 12, "fields": {"nombre": "Desarrollo del Sistema", "proyecto": 5, "descripcion": "Etapa en la que se transforman los requerimientos y dise\u00f1os en un programa funcional", "fase_anterior": 11, "fase_cerrada": false, "puede_cerrarse": false}}, {"model": "gestion_de_fase.fase", "pk": 13, "fields": {"nombre": "Pruebas del Sistema", "proyecto": 5, "descripcion": "Etapa en la cual se toma el sistema desarrollado y se prueban todos los componentes y modulos del sistema", "fase_anterior": 12, "fase_cerrada": false, "puede_cerrarse": false}}, {"model": "gestion_de_tipo_de_item.tipodeitem", "pk": 16, "fields": {"nombre": "Requerimiento Funcional", "descripcion": "Tipo que representa una funcionalidad requerida por el usuario", "prefijo": "rf", "creador": 1, "fase": 10, "fecha_creacion": "2020-08-20T15:19:42.512Z"}}, {"model": "gestion_de_tipo_de_item.tipodeitem", "pk": 17, "fields": {"nombre": "Diagrama de Clase", "descripcion": "Diagrama de Clase UML", "prefijo": "class", "creador": 1, "fase": 11, "fecha_creacion": "2020-08-20T15:21:31.847Z"}}, {"model": "gestion_de_tipo_de_item.tipodeitem", "pk": 18, "fields": {"nombre": "Diagrama de Estado", "descripcion": "Diagrama UML de estados", "prefijo": "state", "creador": 1, "fase": 11, "fecha_creacion": "2020-08-20T15:22:17.041Z"}}, {"model": "gestion_de_tipo_de_item.tipodeitem", "pk": 19, "fields": {"nombre": "Requerimiento no Funcional", "descripcion": "Tipo que representa un requerimiento no funcional del sistema", "prefijo": "rnf", "creador": 1, "fase": 10, "fecha_creacion": "2020-08-20T15:22:53.031Z"}}, {"model": "gestion_de_tipo_de_item.tipodeitem", "pk": 20, "fields": {"nombre": "Pruebas de Integracion", "descripcion": "Tipo que representa un conjunto de pruebas integracion realizadas al codigo del sistema", "prefijo": "pi", "creador": 1, "fase": 13, "fecha_creacion": "2020-08-20T15:25:16.919Z"}}, {"model": "gestion_de_tipo_de_item.atributobinario", "pk": 13, "fields": {"nombre": "Diagrama", "requerido": false, "max_tama\u00f1o": 30, "tipo_de_item": 17}}, {"model": "gestion_de_tipo_de_item.atributocadena", "pk": 4, "fields": {"nombre": "Visibilidad", "requerido": true, "max_longitud": 20, "tipo_de_item": 17}}, {"model": "gestion_de_tipo_de_item.atributocadena", "pk": 5, "fields": {"nombre": "Componentes testeados", "requerido": true, "max_longitud": 200, "tipo_de_item": 20}}, {"model": "account.emailaddress", "pk": 1, "fields": {"user": 1, "email": "marce-1999@fpuna.edu.py", "verified": true, "primary": true}}, {"model": "account.emailaddress", "pk": 2, "fields": {"user": 2, "email": "stanldeybrown@gmail.com", "verified": true, "primary": true}}, {"model": "account.emailaddress", "pk": 3, "fields": {"user": 3, "email": "hugofleitasbus@fpuna.edu.py", "verified": true, "primary": true}}, {"model": "account.emailaddress", "pk": 4, "fields": {"user": 4, "email": "mnperez99@gmail.com", "verified": true, "primary": true}}, {"model": "socialaccount.socialapp", "pk": 1, "fields": {"provider": "google", "name": "gapi", "client_id": "347886323853-r72mjg1utuabev2f73ngef3tg2nqluth.apps.googleusercontent.com", "secret": "sw2lVjRDgG1GtDAZVC_QmVhr", "key": "", "sites": [1]}}, {"model": "socialaccount.socialaccount", "pk": 1, "fields": {"user": 1, "provider": "google", "uid": "105234345652868175197", "last_login": "2020-08-20T14:56:43.345Z", "date_joined": "2020-04-26T23:03:41.941Z", "extra_data": "{\"id\": \"105234345652868175197\", \"email\": \"marce-1999@fpuna.edu.py\", \"verified_email\": true, \"name\": \"Marcelo Nicolas Perez Britez\", \"given_name\": \"Marcelo Nicolas\", \"family_name\": \"Perez Britez\", \"picture\": \"https://lh6.googleusercontent.com/-aW8BiG0uSnQ/AAAAAAAAAAI/AAAAAAAAAAA/AMZuuckGObrBFA5V0qGogjc9HU026-pQ3g/photo.jpg\", \"locale\": \"es\", \"hd\": \"fpuna.edu.py\"}"}}, {"model": "socialaccount.socialaccount", "pk": 2, "fields": {"user": 2, "provider": "google", "uid": "116258264098284905086", "last_login": "2020-04-26T23:22:31.910Z", "date_joined": "2020-04-26T23:19:14.853Z", "extra_data": "{\"id\": \"116258264098284905086\", \"email\": \"stanldeybrown@gmail.com\", \"verified_email\": true, \"name\": \"stanldey brown\", \"given_name\": \"stanldey\", \"family_name\": \"brown\", \"picture\": \"https://lh3.googleusercontent.com/a-/AOh14Gj7rBQYUbzUUNEpnxgAlyLSRPrlvsrzfAkDJqFMXok\", \"locale\": \"en\"}"}}, {"model": "socialaccount.socialaccount", "pk": 3, "fields": {"user": 3, "provider": "google", "uid": "105895296186884300997", "last_login": "2020-04-30T21:05:52.107Z", "date_joined": "2020-04-26T23:24:54.124Z", "extra_data": "{\"id\": \"105895296186884300997\", \"email\": \"hugofleitasbus@fpuna.edu.py\", \"verified_email\": true, \"name\": \"Hugo Javier Fleitas Bustamante\", \"given_name\": \"Hugo Javier\", \"family_name\": \"Fleitas Bustamante\", \"picture\": \"https://lh5.googleusercontent.com/-wk_EoUgUu2Y/AAAAAAAAAAI/AAAAAAAAAAA/AAKWJJOYDCu21RjuPBgrgU3MdnuIeQQKlA/photo.jpg\", \"locale\": \"es\", \"hd\": \"fpuna.edu.py\"}"}}, {"model": "socialaccount.socialaccount", "pk": 4, "fields": {"user": 4, "provider": "google", "uid": "113636113866926635146", "last_login": "2020-08-17T21:59:15.083Z", "date_joined": "2020-08-16T22:57:03.954Z", "extra_data": "{\"id\": \"113636113866926635146\", \"email\": \"mnperez99@gmail.com\", \"verified_email\": true, \"name\": \"Marcelo P\\u00e9rez\", \"given_name\": \"Marcelo\", \"family_name\": \"P\\u00e9rez\", \"picture\": \"https://lh3.googleusercontent.com/-gMwyysAP2zs/AAAAAAAAAAI/AAAAAAAAAAA/AMZuuckp9AMVfbK7zFlu-OFdZGzSDjDCPA/photo.jpg\", \"locale\": \"en\"}"}}, {"model": "socialaccount.socialtoken", "pk": 1, "fields": {"app": 1, "account": 1, "token": "ya29.a0AfH6SMCXJtPsR8Lyfy3YZ04IJztQxb7YokM07jvBpZ-DyuDGe7FHFSJFUWvInAsm4KO3IdlwbgyOA9OE0fQvYfmdUo-phzfteLH03KP04TPvEozZeXXRydztuMoqEICkyN1IJtzhAV3yfhRYcSnBV8Tw2QEI2HTqvLS2", "token_secret": "", "expires_at": "2020-08-20T15:56:42.125Z"}}, {"model": "socialaccount.socialtoken", "pk": 2, "fields": {"app": 1, "account": 2, "token": "ya29.a0Ae4lvC36faFNhgidSUv4lXYbdNgZnOg9wYUc08WMeL4b7SrglmMSATijTmykgFfHWLMMdo5MBoPGiskr3ZIy_Xxu_M48saGb3QeqMSf46NhQt60Y5YN7Fvzg6NeUVQXfVIslDNSbxifIOCxIqmhKl9WpJy2me0C6VZo", "token_secret": "", "expires_at": "2020-04-27T00:22:30.690Z"}}, {"model": "socialaccount.socialtoken", "pk": 3, "fields": {"app": 1, "account": 3, "token": "ya29.a0Ae4lvC2AJNjLVhn8EtZkzMrI3EYMhUZyfg94slHJ505Qb8RR0OjJy7RQSJ6TnaLYzZQvVF4MAtXoROdVbtncvPDE6KOGAbnKnSTRRpXh8XuUBNlHDwXgF9LGI2amkwFoyeG4cWo9EQnpWBJtjokdGAOfM6BZ5AwyISoT", "token_secret": "", "expires_at": "2020-04-30T22:05:50.898Z"}}, {"model": "socialaccount.socialtoken", "pk": 4, "fields": {"app": 1, "account": 4, "token": "ya29.a0AfH6SMC7H8hwR7ohZip0JGsVW-VhkqgmwNDeci1fCUev29N8ZKQtuwE9Vxy0-uaisJ52NnfX8C2SVOlSKvtT3gWbIi3qB7OwVnqWxjioO46ct0FDu-gVpoUhDCc7DGRPAmC-lwBaSoaltycZ46IrkF1hpc93mu-yT9E", "token_secret": "", "expires_at": "2020-08-17T22:59:13.732Z"}}]